,id,linenum,match_id,orig_id,value,var
0,,,234006.0,231001.0,4,
1,,,234018.0,231001.0,5,
2,,,234020.0,231002.0,1,
3,,,233010.0,231002.0,2,
4,,,231011.0,231006.0,1,
5,,,231002.0,231006.0,3,
6,,,234008.0,231008.0,1,
7,,,234014.0,231008.0,2,
8,,,236003.0,231010.0,3,
9,,,231001.0,231010.0,5,
10,,,231002.0,231011.0,1,
11,,,233011.0,231011.0,5,
12,,,231029.0,231014.0,4,
13,,,234005.0,231014.0,4,
14,,,233003.0,231015.0,5,
15,,,232005.0,231015.0,3,
16,,,231009.0,231018.0,4,
17,,,231012.0,231018.0,2,
18,,,234006.0,231021.0,4,
19,,,231019.0,231021.0,2,
20,,,231011.0,231022.0,2,
21,,,231006.0,231022.0,5,
22,,,237004.0,231023.0,3,
23,,,231039.0,231023.0,4,
24,,,237003.0,231028.0,4,
25,,,234017.0,231028.0,2,
26,,,231035.0,231032.0,5,
27,,,232002.0,231032.0,5,
28,,,231015.0,231035.0,3,
29,,,231022.0,231035.0,4,
30,,,232007.0,231036.0,1,
31,,,237004.0,231036.0,4,
32,,,231043.0,231041.0,1,
33,,,231021.0,231041.0,5,
34,,,232005.0,232002.0,4,
35,,,236001.0,232002.0,3,
36,,,237004.0,232004.0,5,
37,,,232006.0,232004.0,5,
38,,,234023.0,232005.0,2,
39,,,236002.0,232005.0,4,
40,,,231034.0,232006.0,2,
41,,,231007.0,232006.0,3,
42,,,231006.0,232007.0,1,
43,,,231020.0,232007.0,4,
44,,,232007.0,233004.0,3,
45,,,234009.0,233004.0,5,
46,,,237003.0,233008.0,4,
47,,,234014.0,233008.0,4,
48,,,233004.0,234001.0,4,
49,,,231029.0,234001.0,1,
50,,,234024.0,234002.0,2,
51,,,231010.0,234002.0,1,
52,,,231002.0,234004.0,5,
53,,,235001.0,234004.0,2,
54,,,234013.0,234005.0,1,
55,,,231016.0,234005.0,3,
56,,,237006.0,234006.0,3,
57,,,231014.0,234006.0,4,
58,,,235001.0,234007.0,1,
59,,,235003.0,234007.0,2,
60,,,231041.0,234008.0,1,
61,,,233007.0,234008.0,5,
62,,,234014.0,234009.0,3,
63,,,231002.0,234009.0,1,
64,,,233010.0,234010.0,4,
65,,,231008.0,234010.0,4,
66,,,231023.0,234011.0,4,
67,,,235001.0,234011.0,2,
68,,,236001.0,234012.0,3,
69,,,233010.0,234012.0,2,
70,,,231017.0,234013.0,2,
71,,,231041.0,234013.0,4,
72,,,231020.0,234016.0,2,
73,,,231007.0,234016.0,4,
74,,,231036.0,235002.0,5,
75,,,237005.0,235002.0,2,
76,,,231026.0,235003.0,2,
77,,,231017.0,235003.0,4,
78,,,231035.0,236001.0,1,
79,,,231039.0,236001.0,5,
80,,,234004.0,236003.0,1,
81,,,231012.0,236003.0,1,
82,,,234001.0,236004.0,2,
83,,,234010.0,236004.0,5,
84,,,235002.0,237005.0,5,
85,,,231015.0,237005.0,5,
86,,,234015.0,231001.0,1,
87,,,237004.0,231001.0,5,
88,,,234018.0,231002.0,4,
89,,,233003.0,231002.0,5,
90,,,233006.0,231006.0,5,
91,,,231008.0,231006.0,4,
92,,,233011.0,231008.0,4,
93,,,234024.0,231008.0,4,
94,,,232007.0,231009.0,3,
95,,,234005.0,231009.0,4,
96,,,235001.0,231011.0,5,
97,,,237005.0,231011.0,3,
98,,,231039.0,231014.0,5,
99,,,231017.0,231014.0,4,
100,,,231022.0,231015.0,1,
101,,,232007.0,231015.0,1,
102,,,231043.0,231016.0,5,
103,,,231003.0,231016.0,3,
104,,,231003.0,231018.0,4,
105,,,234024.0,231018.0,3,
106,,,231003.0,231019.0,1,
107,,,232004.0,231019.0,4,
108,,,234012.0,231021.0,1,
109,,,235003.0,231021.0,4,
110,,,231007.0,231022.0,3,
111,,,234017.0,231022.0,5,
112,,,234015.0,231024.0,4,
113,,,233011.0,231024.0,2,
114,,,231007.0,231026.0,3,
115,,,234015.0,231026.0,2,
116,,,231008.0,231028.0,1,
117,,,231002.0,231028.0,1,
118,,,234014.0,231029.0,5,
119,,,233008.0,231029.0,1,
120,,,232002.0,231032.0,3,
121,,,232002.0,231032.0,3,
122,,,234012.0,231034.0,5,
123,,,231010.0,231034.0,1,
124,,,235003.0,231036.0,2,
125,,,231010.0,231036.0,3,
126,,,234002.0,231039.0,4,
127,,,231010.0,231039.0,5,
128,,,234005.0,231041.0,4,
129,,,231007.0,231041.0,3,
130,,,237003.0,232002.0,4,
131,,,234022.0,232002.0,5,
132,,,234005.0,232003.0,3,
133,,,234015.0,232003.0,1,
134,,,232005.0,232004.0,5,
135,,,231011.0,232004.0,3,
136,,,233002.0,232005.0,1,
137,,,231009.0,232005.0,2,
138,,,236002.0,232006.0,2,
139,,,233008.0,232006.0,2,
140,,,233007.0,233002.0,3,
141,,,231006.0,233002.0,1,
142,,,234012.0,233004.0,2,
143,,,231003.0,233004.0,1,
144,,,234009.0,233008.0,2,
145,,,231029.0,233008.0,4,
146,,,231039.0,233009.0,1,
147,,,231028.0,233009.0,4,
148,,,231014.0,233010.0,4,
149,,,233008.0,233010.0,4,
150,,,233007.0,234001.0,3,
151,,,233009.0,234001.0,3,
152,,,231026.0,234002.0,4,
153,,,232002.0,234002.0,2,
154,,,234017.0,234004.0,3,
155,,,234023.0,234004.0,2,
156,,,234004.0,234005.0,3,
157,,,234018.0,234005.0,5,
158,,,233007.0,234006.0,2,
159,,,232005.0,234006.0,4,
160,,,231028.0,234008.0,5,
161,,,231036.0,234008.0,5,
162,,,233002.0,234009.0,3,
163,,,231011.0,234009.0,3,
164,,,233013.0,234010.0,3,
165,,,233006.0,234010.0,4,
166,,,231001.0,234011.0,4,
167,,,231022.0,234011.0,5,
168,,,235001.0,234012.0,1,
169,,,231018.0,234012.0,5,
170,,,231003.0,234013.0,4,
171,,,233002.0,234013.0,1,
172,,,234013.0,234016.0,4,
173,,,235002.0,234016.0,2,
174,,,231022.0,234022.0,1,
175,,,232006.0,234022.0,5,
176,,,231032.0,235001.0,5,
177,,,231021.0,235001.0,3,
178,,,234002.0,235002.0,5,
179,,,231028.0,235002.0,5,
180,,,231020.0,235003.0,2,
181,,,231039.0,235003.0,4,
182,,,231002.0,236001.0,1,
183,,,234006.0,236001.0,1,
184,,,231001.0,236002.0,1,
185,,,231002.0,236002.0,1,
186,,,236002.0,236003.0,3,
187,,,237006.0,236003.0,4,
188,,,231003.0,236004.0,3,
189,,,231019.0,236004.0,4,
190,,,231024.0,237003.0,4,
191,,,231029.0,237003.0,5,
192,,,236004.0,237004.0,5,
193,,,233006.0,237004.0,3,
194,,,231009.0,237005.0,5,
195,,,231041.0,237005.0,2,
196,,,234014.0,237006.0,5,
197,,,231023.0,237006.0,3,
198,,,231028.0,231011.0,4,
199,,,233011.0,231021.0,2,
200,,,231032.0,231024.0,1,
201,,,231010.0,231026.0,1,
202,,,234017.0,231028.0,4,
203,,,235001.0,231032.0,4,
204,,,231022.0,232002.0,5,
205,,,231007.0,232003.0,4,
206,,,231034.0,232004.0,4,
207,,,233002.0,232005.0,4,
208,,,233008.0,232007.0,2,
209,,,231017.0,233002.0,4,
210,,,231003.0,233004.0,2,
211,,,233006.0,233008.0,1,
212,,,236003.0,233009.0,5,
213,,,234024.0,234001.0,4,
214,,,231035.0,234002.0,4,
215,,,231029.0,234004.0,1,
216,,,234018.0,234005.0,4,
217,,,236004.0,234006.0,4,
218,,,231014.0,234008.0,5,
219,,,233010.0,234009.0,1,
220,,,237006.0,234011.0,4,
221,,,231003.0,234012.0,4,
222,,,231029.0,234013.0,4,
223,,,232004.0,234016.0,2,
224,,,233013.0,234022.0,5,
225,,,234020.0,235002.0,1,
226,,,234017.0,236001.0,5,
227,,,231028.0,236002.0,3,
228,,,234023.0,236003.0,5,
229,,,237006.0,236004.0,2,
230,,,231010.0,237003.0,4,
231,,,231024.0,237004.0,1,
232,,,232002.0,237005.0,1,
233,,,234014.0,237006.0,3,
234,,,233010.0,231001.0,3,
235,,,233002.0,231002.0,2,
236,,,231011.0,231006.0,1,
237,,,234009.0,231008.0,4,
238,,,234007.0,231010.0,4,
239,,,234011.0,231011.0,2,
240,,,231002.0,231014.0,1,
241,,,234005.0,231015.0,3,
242,,,234022.0,231018.0,1,
243,,,234012.0,231021.0,5,
244,,,234002.0,231022.0,4,
245,,,234018.0,231023.0,4,
246,,,237004.0,231028.0,1,
247,,,231011.0,231032.0,2,
248,,,233011.0,231035.0,3,
249,,,232007.0,231036.0,3,
250,,,234009.0,231041.0,1,
251,,,233008.0,232002.0,3,
252,,,233002.0,232004.0,1,
253,,,233006.0,232005.0,1,
254,,,235003.0,232006.0,3,
255,,,235001.0,232007.0,1,
256,,,236003.0,233004.0,2,
257,,,234023.0,233008.0,3,
258,,,231015.0,234001.0,1,
259,,,231028.0,234002.0,2,
260,,,233004.0,234004.0,3,
261,,,231008.0,234005.0,5,
262,,,237005.0,234006.0,1,
263,,,237006.0,234007.0,4,
264,,,232003.0,234008.0,3,
265,,,231017.0,234009.0,2,
266,,,231026.0,234010.0,1,
267,,,231005.0,234011.0,2,
268,,,234001.0,234012.0,2,
269,,,231007.0,234013.0,1,
270,,,233010.0,234016.0,5,
271,,,236001.0,235002.0,1,
272,,,237006.0,235003.0,2,
273,,,231019.0,236001.0,2,
274,,,231003.0,236003.0,1,
275,,,234014.0,236004.0,2,
276,,,233009.0,237005.0,2,
277,,,231009.0,231001.0,5,
278,,,234023.0,231002.0,5,
279,,,231008.0,231006.0,5,
280,,,237004.0,231008.0,1,
281,,,234008.0,231009.0,1,
282,,,231002.0,231011.0,3,
283,,,234020.0,231014.0,2,
284,,,234018.0,231015.0,2,
285,,,231012.0,231016.0,2,
286,,,231032.0,231018.0,4,
287,,,234013.0,231019.0,2,
288,,,234023.0,231021.0,5,
289,,,235001.0,231022.0,3,
290,,,232006.0,231024.0,4,
291,,,231021.0,231026.0,4,
292,,,231015.0,231028.0,3,
293,,,231003.0,231029.0,2,
294,,,231002.0,231032.0,1,
295,,,231014.0,231034.0,4,
296,,,232003.0,231036.0,1,
297,,,231041.0,231039.0,2,
298,,,237005.0,231041.0,4,
299,,,231041.0,232002.0,5,
300,,,231017.0,232003.0,2,
301,,,231003.0,232004.0,1,
302,,,236002.0,232005.0,1,
303,,,234011.0,232006.0,2,
304,,,236003.0,233002.0,2,
305,,,231011.0,233004.0,1,
306,,,234001.0,233008.0,4,
307,,,231019.0,233009.0,2,
308,,,231016.0,233010.0,2,
309,,,234016.0,234001.0,1,
310,,,231043.0,234002.0,1,
311,,,231014.0,234004.0,4,
312,,,234008.0,234005.0,5,
313,,,236001.0,234006.0,5,
314,,,231008.0,234008.0,3,
315,,,231039.0,234009.0,4,
316,,,237003.0,234010.0,2,
317,,,233002.0,234011.0,2,
318,,,231006.0,234012.0,5,
319,,,231007.0,234013.0,1,
320,,,237005.0,234016.0,3,
321,,,234016.0,234022.0,1,
322,,,236001.0,235001.0,5,
323,,,231017.0,235002.0,3,
324,,,234010.0,235003.0,5,
325,,,237006.0,236001.0,3,
326,,,234013.0,236002.0,2,
327,,,233002.0,236003.0,1,
328,,,235001.0,236004.0,2,
329,,,234022.0,237003.0,5,
330,,,231012.0,237004.0,4,
331,,,233003.0,237005.0,1,
332,,,236002.0,237006.0,3,
333,,,231010.0,231001.0,4,
334,,,231028.0,231002.0,4,
335,,,231041.0,231008.0,5,
336,,,235002.0,231011.0,1,
337,,,231026.0,231014.0,1,
338,,,236001.0,231021.0,4,
339,,,234010.0,231028.0,4,
340,,,234010.0,231036.0,2,
341,,,231019.0,232006.0,2,
342,,,233002.0,232007.0,3,
343,,,231014.0,234001.0,2,
344,,,231015.0,234006.0,5,
345,,,231035.0,234008.0,1,
346,,,231032.0,234009.0,5,
347,,,234023.0,234010.0,2,
348,,,231003.0,234013.0,5,
349,,,231039.0,236004.0,3,
350,,,235002.0,231001.0,4,
351,,,236004.0,231002.0,2,
352,,,234020.0,231006.0,5,
353,,,234024.0,231008.0,3,
354,,,231012.0,231009.0,5,
355,,,231009.0,231010.0,4,
356,,,233002.0,231011.0,1,
357,,,233011.0,231014.0,2,
358,,,234006.0,231018.0,3,
359,,,233007.0,231021.0,3,
360,,,233002.0,231029.0,1,
361,,,233008.0,232002.0,2,
362,,,231029.0,234001.0,1,
363,,,231024.0,234005.0,2,
364,,,231012.0,234006.0,3,
365,,,231017.0,234009.0,3,
366,,,231041.0,234010.0,5,
367,,,233008.0,234013.0,4,
368,,,234018.0,236004.0,3,
369,,,232003.0,237004.0,1,
370,,,235001.0,231001.0,5,
371,,,234012.0,231002.0,3,
372,,,234014.0,231003.0,5,
373,,,234013.0,231005.0,2,
374,,,233008.0,231006.0,1,
375,,,234024.0,231007.0,4,
376,,,234012.0,231008.0,4,
377,,,233008.0,231010.0,1,
378,,,231012.0,231011.0,4,
379,,,234023.0,231012.0,2,
380,,,232006.0,231014.0,3,
381,,,234009.0,231015.0,2,
382,,,234012.0,231017.0,4,
383,,,231041.0,231018.0,3,
384,,,234007.0,231019.0,3,
385,,,234007.0,231020.0,4,
386,,,231011.0,231021.0,3,
387,,,237003.0,231022.0,2,
388,,,233002.0,231024.0,1,
389,,,234018.0,231026.0,3,
390,,,235002.0,231028.0,5,
391,,,231034.0,231029.0,1,
392,,,231043.0,231032.0,2,
393,,,234004.0,231034.0,5,
394,,,231022.0,231035.0,2,
395,,,237004.0,231036.0,1,
396,,,234004.0,231039.0,3,
397,,,234012.0,231041.0,4,
398,,,231036.0,231043.0,4,
399,,,231036.0,232002.0,1,
400,,,231034.0,232003.0,1,
401,,,232005.0,232004.0,5,
402,,,231023.0,232005.0,3,
403,,,233007.0,232006.0,4,
404,,,231024.0,232007.0,4,
405,,,234008.0,233003.0,2,
406,,,231032.0,233004.0,3,
407,,,233011.0,233006.0,4,
408,,,234020.0,233007.0,2,
409,,,231002.0,233008.0,5,
410,,,234024.0,233009.0,3,
411,,,231018.0,233010.0,1,
412,,,233013.0,233011.0,4,
413,,,234008.0,233013.0,4,
414,,,234006.0,234001.0,4,
415,,,233002.0,234002.0,4,
416,,,231012.0,234005.0,1,
417,,,234015.0,234006.0,5,
418,,,233010.0,234007.0,3,
419,,,234004.0,234008.0,2,
420,,,234022.0,234009.0,2,
421,,,237004.0,234010.0,3,
422,,,231016.0,234011.0,3,
423,,,231014.0,234012.0,3,
424,,,235003.0,234013.0,5,
425,,,231019.0,234014.0,5,
426,,,231008.0,234015.0,4,
427,,,234024.0,234016.0,5,
428,,,234009.0,234017.0,1,
429,,,235003.0,234018.0,4,
430,,,231024.0,234020.0,5,
431,,,231034.0,234022.0,4,
432,,,231006.0,234023.0,4,
433,,,231005.0,234024.0,4,
434,,,234017.0,235001.0,5,
435,,,234011.0,235002.0,2,
436,,,233009.0,235003.0,4,
437,,,236004.0,236001.0,4,
438,,,234014.0,236003.0,4,
439,,,234009.0,236004.0,1,
440,,,231008.0,237005.0,2,
441,,,235001.0,237006.0,1,
442,,,237005.0,231001.0,3,
443,,,231029.0,231002.0,3,
444,,,233010.0,231006.0,3,
445,,,234015.0,231008.0,5,
446,,,234020.0,231011.0,1,
447,,,231014.0,231021.0,4,
448,,,231036.0,234002.0,3,
449,,,231028.0,234005.0,4,
450,,,231028.0,236001.0,2,
451,,,234023.0,236004.0,5,
452,,,231036.0,231001.0,4,
453,,,232007.0,231002.0,2,
454,,,233003.0,231006.0,3,
455,,,234023.0,231008.0,2,
456,,,234011.0,231011.0,3,
457,,,234013.0,231018.0,3,
458,,,234013.0,231021.0,3,
459,,,234001.0,233002.0,3,
460,,,233011.0,234001.0,5,
461,,,235002.0,234005.0,4,
462,,,231014.0,236003.0,4,
463,,,237004.0,231001.0,4,
464,,,231020.0,231002.0,1,
465,,,231014.0,231003.0,2,
466,,,233008.0,231006.0,4,
467,,,231010.0,231007.0,2,
468,,,234015.0,231008.0,2,
469,,,234024.0,231011.0,4,
470,,,234014.0,231012.0,3,
471,,,232004.0,231014.0,3,
472,,,232006.0,231015.0,5,
473,,,231008.0,231018.0,1,
474,,,231043.0,231019.0,1,
475,,,231032.0,231021.0,5,
476,,,231026.0,231024.0,5,
477,,,237005.0,231028.0,4,
478,,,231028.0,231029.0,3,
479,,,231002.0,231032.0,3,
480,,,234015.0,231034.0,2,
481,,,231029.0,231043.0,4,
482,,,231024.0,232003.0,5,
483,,,234002.0,232004.0,5,
484,,,233008.0,232005.0,5,
485,,,231029.0,232006.0,1,
486,,,231003.0,233004.0,4,
487,,,236001.0,233008.0,2,
488,,,231014.0,233009.0,3,
489,,,231012.0,234001.0,5,
490,,,231039.0,234002.0,4,
491,,,234022.0,234004.0,4,
492,,,235001.0,234006.0,5,
493,,,237005.0,234008.0,1,
494,,,231015.0,234009.0,4,
495,,,234009.0,234010.0,4,
496,,,231039.0,234011.0,2,
497,,,231029.0,234013.0,5,
498,,,231024.0,234016.0,1,
499,,,232002.0,235002.0,4,
500,,,231023.0,236001.0,5,
501,,,234006.0,236003.0,5,
502,,,233004.0,236004.0,2,
503,,,233007.0,237004.0,5,
504,,,234001.0,237005.0,5,
505,,,231001.0,237006.0,4,
506,,,231010.0,231001.0,1,
507,,,234023.0,231006.0,5,
508,,,234023.0,231008.0,3,
509,,,231034.0,231011.0,5,
510,,,231024.0,231014.0,4,
511,,,236003.0,231017.0,5,
512,,,232003.0,231021.0,5,
513,,,233011.0,231032.0,5,
514,,,233006.0,234001.0,5,
515,,,235003.0,234006.0,4,
516,,,234020.0,234009.0,2,
517,,,233010.0,234013.0,3,
518,,,231015.0,236001.0,1,
519,,,234007.0,236003.0,3,
520,,,231009.0,236004.0,2,
521,,,232006.0,231001.0,5,
522,,,231041.0,231002.0,2,
523,,,231011.0,231005.0,1,
524,,,231016.0,231006.0,2,
525,,,237004.0,231007.0,1,
526,,,233003.0,231011.0,1,
527,,,231041.0,231012.0,4,
528,,,236001.0,231014.0,4,
529,,,234020.0,231015.0,5,
530,,,234011.0,231017.0,3,
531,,,232002.0,231018.0,4,
532,,,231006.0,231019.0,5,
533,,,233007.0,231021.0,5,
534,,,231011.0,231023.0,5,
535,,,236001.0,231024.0,1,
536,,,234017.0,231026.0,2,
537,,,235003.0,231028.0,5,
538,,,231021.0,231032.0,5,
539,,,234018.0,231034.0,3,
540,,,231001.0,231035.0,1,
541,,,231032.0,231036.0,5,
542,,,234009.0,231039.0,1,
543,,,232006.0,231041.0,4,
544,,,231026.0,231043.0,5,
545,,,234013.0,232002.0,5,
546,,,234005.0,232003.0,3,
547,,,233010.0,232004.0,4,
548,,,231003.0,232005.0,5,
549,,,231041.0,232006.0,2,
550,,,231034.0,232007.0,4,
551,,,231005.0,233002.0,2,
552,,,231008.0,233003.0,2,
553,,,231032.0,233004.0,2,
554,,,232005.0,233006.0,5,
555,,,237005.0,233007.0,2,
556,,,237004.0,233008.0,3,
557,,,233013.0,233009.0,3,
558,,,233013.0,233011.0,3,
559,,,232002.0,233013.0,3,
560,,,236001.0,234001.0,3,
561,,,231014.0,234002.0,4,
562,,,231003.0,234004.0,5,
563,,,234018.0,234005.0,5,
564,,,233009.0,234006.0,3,
565,,,231035.0,234008.0,4,
566,,,231039.0,234009.0,3,
567,,,236003.0,234010.0,5,
568,,,234020.0,234011.0,1,
569,,,231028.0,234012.0,3,
570,,,231007.0,234013.0,1,
571,,,235001.0,234014.0,4,
572,,,231026.0,234015.0,3,
573,,,234009.0,234017.0,3,
574,,,231023.0,234018.0,4,
575,,,231003.0,234020.0,1,
576,,,232005.0,234022.0,3,
577,,,234007.0,234023.0,3,
578,,,236002.0,234024.0,4,
579,,,233004.0,235001.0,2,
580,,,233007.0,235002.0,4,
581,,,231021.0,235003.0,5,
582,,,231029.0,236001.0,3,
583,,,234022.0,236002.0,2,
584,,,234009.0,236003.0,3,
585,,,231016.0,236004.0,2,
586,,,234002.0,237003.0,1,
587,,,231002.0,237004.0,4,
588,,,234018.0,237005.0,5,
589,,,231002.0,237006.0,5,
590,,,231011.0,231001.0,5,
591,,,231017.0,231002.0,2,
592,,,234012.0,231005.0,1,
593,,,233007.0,231006.0,2,
594,,,234022.0,231007.0,1,
595,,,231010.0,231008.0,5,
596,,,231010.0,231011.0,4,
597,,,231006.0,231014.0,1,
598,,,234014.0,231020.0,4,
599,,,231029.0,231022.0,4,
600,,,234023.0,231026.0,3,
601,,,233011.0,231028.0,3,
602,,,234010.0,231032.0,4,
603,,,233003.0,231034.0,4,
604,,,231024.0,231035.0,1,
605,,,231029.0,231036.0,1,
606,,,234005.0,231039.0,2,
607,,,233010.0,231041.0,4,
608,,,234024.0,231043.0,2,
609,,,233008.0,232002.0,2,
610,,,233013.0,232003.0,2,
611,,,231019.0,232004.0,2,
612,,,231022.0,232005.0,4,
613,,,236002.0,232006.0,4,
614,,,234017.0,232007.0,5,
615,,,231026.0,233003.0,1,
616,,,231018.0,233004.0,4,
617,,,235001.0,233006.0,3,
618,,,234007.0,233007.0,4,
619,,,233009.0,233008.0,4,
620,,,235003.0,233009.0,2,
621,,,231019.0,233011.0,4,
622,,,231018.0,233013.0,1,
623,,,234011.0,234001.0,3,
624,,,234024.0,234002.0,3,
625,,,231029.0,234006.0,5,
626,,,232004.0,234008.0,5,
627,,,231017.0,234009.0,1,
628,,,234002.0,234011.0,2,
629,,,232004.0,234012.0,4,
630,,,234001.0,234013.0,2,
631,,,232007.0,234014.0,2,
632,,,234024.0,234015.0,4,
633,,,231012.0,234016.0,1,
634,,,231015.0,234017.0,4,
635,,,231019.0,234018.0,5,
636,,,231010.0,234020.0,5,
637,,,233010.0,234022.0,4,
638,,,234010.0,234023.0,3,
639,,,231028.0,234024.0,4,
640,,,231036.0,235001.0,5,
641,,,231039.0,235002.0,5,
642,,,231039.0,235003.0,3,
643,,,231028.0,236001.0,1,
644,,,231035.0,236003.0,2,
645,,,234014.0,236004.0,4,
646,,,231010.0,237003.0,3,
647,,,231043.0,237004.0,3,
648,,,235001.0,237005.0,5,
649,,,231011.0,237006.0,1,
650,,,233008.0,231001.0,3,
651,,,237005.0,231002.0,2,
652,,,236003.0,231006.0,1,
653,,,231039.0,231008.0,5,
654,,,231006.0,231010.0,4,
655,,,231006.0,231014.0,1,
656,,,231029.0,231018.0,1,
657,,,231018.0,231022.0,5,
658,,,231021.0,231024.0,3,
659,,,231003.0,231026.0,3,
660,,,231008.0,231028.0,1,
661,,,234004.0,232002.0,5,
662,,,231018.0,232004.0,2,
663,,,234008.0,233004.0,2,
664,,,234007.0,233008.0,5,
665,,,231015.0,233009.0,1,
666,,,231035.0,234001.0,2,
667,,,232007.0,234002.0,1,
668,,,234020.0,234004.0,1,
669,,,231001.0,234005.0,4,
670,,,236002.0,234006.0,5,
671,,,234017.0,234007.0,5,
672,,,236003.0,234008.0,5,
673,,,231007.0,234009.0,3,
674,,,234013.0,234010.0,3,
675,,,237004.0,234011.0,3,
676,,,234015.0,234012.0,4,
677,,,231020.0,234013.0,1,
678,,,233006.0,234020.0,1,
679,,,232007.0,235002.0,1,
680,,,234010.0,236001.0,5,
681,,,237004.0,236003.0,3,
682,,,236001.0,236004.0,5,
683,,,231012.0,231001.0,4,
684,,,234012.0,231002.0,3,
685,,,234015.0,231006.0,5,
686,,,234018.0,231008.0,4,
687,,,234023.0,231014.0,5,
688,,,233013.0,231016.0,4,
689,,,234006.0,231018.0,1,
690,,,231011.0,231029.0,1,
691,,,231005.0,233003.0,5,
692,,,231005.0,233009.0,3,
693,,,231023.0,234001.0,5,
694,,,233011.0,234002.0,2,
695,,,234014.0,234005.0,2,
696,,,233006.0,234006.0,3,
697,,,231017.0,234007.0,5,
698,,,231023.0,234008.0,3,
699,,,231032.0,234009.0,2,
700,,,236001.0,234010.0,1,
701,,,234009.0,234012.0,4,
702,,,231021.0,234013.0,3,
703,,,231022.0,234016.0,4,
704,,,231023.0,235002.0,2,
705,,,234023.0,236001.0,2,
706,,,234001.0,236003.0,2,
707,,,231022.0,237005.0,1,
708,,,234006.0,231001.0,1,
709,,,234006.0,231002.0,2,
710,,,235001.0,231006.0,3,
711,,,233011.0,231008.0,3,
712,,,233013.0,231014.0,4,
713,,,234014.0,231018.0,4,
714,,,231015.0,231026.0,1,
715,,,233002.0,231028.0,5,
716,,,234016.0,231029.0,3,
717,,,236004.0,231032.0,1,
718,,,233009.0,231034.0,4,
719,,,234013.0,231035.0,4,
720,,,234004.0,231036.0,1,
721,,,231007.0,231041.0,5,
722,,,231028.0,231043.0,1,
723,,,234011.0,232002.0,1,
724,,,232003.0,232004.0,1,
725,,,231002.0,232005.0,3,
726,,,234024.0,232006.0,1,
727,,,231002.0,233003.0,1,
728,,,234002.0,233004.0,4,
729,,,231011.0,233006.0,2,
730,,,231041.0,233007.0,1,
731,,,234020.0,233008.0,4,
732,,,234017.0,233010.0,5,
733,,,234012.0,233011.0,3,
734,,,234024.0,233013.0,1,
735,,,231026.0,234001.0,3,
736,,,231002.0,234002.0,1,
737,,,231022.0,234005.0,5,
738,,,234020.0,234006.0,2,
739,,,231003.0,234007.0,2,
740,,,231029.0,234008.0,5,
741,,,231007.0,234009.0,1,
742,,,233010.0,234010.0,3,
743,,,231012.0,234011.0,1,
744,,,232005.0,234012.0,4,
745,,,233009.0,234013.0,5,
746,,,231018.0,234014.0,1,
747,,,232006.0,234015.0,2,
748,,,236001.0,234016.0,3,
749,,,231009.0,234017.0,5,
750,,,231021.0,234018.0,4,
751,,,231001.0,234020.0,2,
752,,,231041.0,234022.0,5,
753,,,231003.0,234023.0,3,
754,,,234020.0,234024.0,1,
755,,,237004.0,235001.0,5,
756,,,231023.0,235002.0,1,
757,,,231023.0,235003.0,3,
758,,,231008.0,236001.0,3,
759,,,231036.0,236003.0,5,
760,,,231010.0,237003.0,3,
761,,,231020.0,237004.0,5,
762,,,236001.0,237005.0,3,
763,,,231029.0,237006.0,3,
764,,,231007.0,231001.0,1,
765,,,231012.0,231002.0,1,
766,,,232005.0,231006.0,1,
767,,,234017.0,231008.0,3,
768,,,234016.0,231014.0,2,
769,,,231024.0,231018.0,1,
770,,,231022.0,231028.0,4,
771,,,233008.0,232005.0,3,
772,,,233006.0,232006.0,4,
773,,,234022.0,234001.0,3,
774,,,231022.0,234002.0,1,
775,,,234024.0,234005.0,2,
776,,,233003.0,234006.0,1,
777,,,237004.0,234007.0,3,
778,,,234015.0,234008.0,5,
779,,,233006.0,234009.0,1,
780,,,231012.0,234010.0,1,
781,,,231022.0,234012.0,3,
782,,,231023.0,234013.0,1,
783,,,231011.0,235002.0,1,
784,,,233007.0,236001.0,3,
785,,,231019.0,231001.0,1,
786,,,232006.0,231002.0,2,
787,,,234009.0,231006.0,5,
788,,,234006.0,231008.0,1,
789,,,231007.0,231014.0,4,
790,,,231017.0,231018.0,1,
791,,,233010.0,231032.0,1,
792,,,235002.0,231034.0,5,
793,,,231008.0,231039.0,4,
794,,,231007.0,232005.0,1,
795,,,231035.0,232006.0,3,
796,,,237004.0,234001.0,5,
797,,,236002.0,234002.0,4,
798,,,233013.0,234005.0,3,
799,,,231023.0,234006.0,2,
800,,,232006.0,234008.0,2,
801,,,234017.0,234009.0,5,
802,,,231036.0,234012.0,4,
803,,,231010.0,234013.0,4,
804,,,231005.0,231001.0,4,
805,,,234015.0,231002.0,2,
806,,,233008.0,231006.0,2,
807,,,236002.0,231008.0,2,
808,,,234012.0,231014.0,4,
809,,,231022.0,231018.0,3,
810,,,232003.0,232006.0,2,
811,,,231017.0,232007.0,3,
812,,,231036.0,234001.0,2,
813,,,231029.0,234006.0,1,
814,,,233008.0,234007.0,3,
815,,,233004.0,234008.0,4,
816,,,233010.0,234009.0,5,
817,,,234024.0,234010.0,5,
818,,,232005.0,234012.0,4,
819,,,236004.0,234013.0,1,
820,,,231021.0,236003.0,5,
821,,,231002.0,231001.0,5,
822,,,233007.0,231002.0,2,
823,,,234002.0,231006.0,5,
824,,,233007.0,231008.0,3,
825,,,231023.0,231014.0,1,
826,,,233004.0,231018.0,5,
827,,,232005.0,231032.0,5,
828,,,231028.0,231039.0,2,
829,,,234023.0,232006.0,3,
830,,,233003.0,233008.0,5,
831,,,235003.0,233009.0,1,
832,,,234007.0,234001.0,2,
833,,,233008.0,234005.0,4,
834,,,233006.0,234006.0,5,
835,,,234024.0,234007.0,3,
836,,,234004.0,234008.0,4,
837,,,231001.0,234009.0,3,
838,,,234018.0,234012.0,1,
839,,,234023.0,234013.0,4,
840,,,231010.0,236003.0,1,
841,23002.0,1.0,,,4,Chief
842,23003.0,2.0,,,4,Chief
843,23004.0,3.0,,,3,Chief
844,23005.0,4.0,,,3,Chief
845,23006.0,5.0,,,3,Chief
846,23007.0,6.0,,,2,Chief
847,23008.0,7.0,,,2,Chief
848,23010.0,8.0,,,5,Chief
849,23011.0,9.0,,,2,Chief
850,23012.0,10.0,,,3,Chief
851,23013.0,11.0,,,1,Chief
852,23014.0,12.0,,,4,Chief
853,23016.0,13.0,,,2,Chief
854,23018.0,14.0,,,3,Chief
855,23019.0,15.0,,,2,Chief
856,23020.0,16.0,,,4,Chief
857,23021.0,17.0,,,3,Chief
858,231011.0,18.0,,,5,Chief
859,231021.0,19.0,,,5,Chief
860,231024.0,20.0,,,2,Chief
861,231026.0,21.0,,,2,Chief
862,231028.0,22.0,,,3,Chief
863,231032.0,23.0,,,2,Chief
864,232002.0,24.0,,,2,Chief
865,232003.0,25.0,,,2,Chief
866,232004.0,26.0,,,2,Chief
867,232005.0,27.0,,,2,Chief
868,232007.0,28.0,,,2,Chief
869,233002.0,29.0,,,2,Chief
870,233004.0,30.0,,,3,Chief
871,233008.0,31.0,,,2,Chief
872,233009.0,32.0,,,4,Chief
873,234001.0,33.0,,,3,Chief
874,234002.0,34.0,,,2,Chief
875,234004.0,35.0,,,2,Chief
876,234005.0,36.0,,,3,Chief
877,234006.0,37.0,,,3,Chief
878,234008.0,38.0,,,3,Chief
879,234009.0,39.0,,,3,Chief
880,234011.0,40.0,,,3,Chief
881,234012.0,41.0,,,3,Chief
882,234013.0,42.0,,,3,Chief
883,234016.0,43.0,,,2,Chief
884,234022.0,44.0,,,3,Chief
885,235002.0,45.0,,,2,Chief
886,236001.0,46.0,,,2,Chief
887,236002.0,47.0,,,3,Chief
888,236003.0,48.0,,,2,Chief
889,236004.0,49.0,,,3,Chief
890,237003.0,50.0,,,1,Chief
891,237004.0,51.0,,,2,Chief
892,237005.0,52.0,,,2,Chief
893,237006.0,53.0,,,2,Chief
894,23001.0,54.0,,,5,Farmers
895,23002.0,55.0,,,5,Farmers
896,23003.0,56.0,,,5,Farmers
897,23004.0,57.0,,,2,Farmers
898,23005.0,58.0,,,2,Farmers
899,23006.0,59.0,,,5,Farmers
900,23007.0,60.0,,,3,Farmers
901,23008.0,61.0,,,5,Farmers
902,23009.0,62.0,,,5,Farmers
903,23010.0,63.0,,,5,Farmers
904,23011.0,64.0,,,5,Farmers
905,23012.0,65.0,,,5,Farmers
906,23013.0,66.0,,,5,Farmers
907,23014.0,67.0,,,5,Farmers
908,23015.0,68.0,,,2,Farmers
909,23016.0,69.0,,,3,Farmers
910,23017.0,70.0,,,5,Farmers
911,23018.0,71.0,,,5,Farmers
912,23019.0,72.0,,,3,Farmers
913,23020.0,73.0,,,5,Farmers
914,231001.0,74.0,,,5,Farmers
915,231002.0,75.0,,,5,Farmers
916,231006.0,76.0,,,5,Farmers
917,231008.0,77.0,,,5,Farmers
918,231010.0,78.0,,,3,Farmers
919,231011.0,79.0,,,5,Farmers
920,231014.0,80.0,,,3,Farmers
921,231015.0,81.0,,,2,Farmers
922,231018.0,82.0,,,4,Farmers
923,231021.0,83.0,,,4,Farmers
924,231022.0,84.0,,,2,Farmers
925,231023.0,85.0,,,2,Farmers
926,231028.0,86.0,,,2,Farmers
927,231032.0,87.0,,,4,Farmers
928,231035.0,88.0,,,2,Farmers
929,231036.0,89.0,,,5,Farmers
930,231041.0,90.0,,,5,Farmers
931,232002.0,91.0,,,2,Farmers
932,232004.0,92.0,,,5,Farmers
933,232005.0,93.0,,,2,Farmers
934,232006.0,94.0,,,3,Farmers
935,232007.0,95.0,,,5,Farmers
936,233004.0,96.0,,,2,Farmers
937,233008.0,97.0,,,2,Farmers
938,234001.0,98.0,,,2,Farmers
939,234002.0,99.0,,,2,Farmers
940,234004.0,100.0,,,5,Farmers
941,234005.0,101.0,,,5,Farmers
942,234006.0,102.0,,,5,Farmers
943,234007.0,103.0,,,5,Farmers
944,234008.0,104.0,,,5,Farmers
945,234009.0,105.0,,,5,Farmers
946,234010.0,106.0,,,5,Farmers
947,234011.0,107.0,,,4,Farmers
948,234012.0,108.0,,,5,Farmers
949,234013.0,109.0,,,5,Farmers
950,234016.0,110.0,,,5,Farmers
951,235002.0,111.0,,,2,Farmers
952,235003.0,112.0,,,2,Farmers
953,236001.0,113.0,,,2,Farmers
954,236003.0,114.0,,,4,Farmers
955,236004.0,115.0,,,5,Farmers
956,237005.0,116.0,,,5,Farmers
957,23011.0,117.0,,,5,Neighbor/friend
958,23021.0,118.0,,,5,Neighbor/friend
959,231001.0,119.0,,,5,Neighbor/friend
960,231002.0,120.0,,,3,Neighbor/friend
961,231006.0,121.0,,,5,Neighbor/friend
962,231008.0,122.0,,,3,Neighbor/friend
963,231009.0,123.0,,,2,Neighbor/friend
964,231011.0,124.0,,,2,Neighbor/friend
965,231014.0,125.0,,,5,Neighbor/friend
966,231015.0,126.0,,,1,Neighbor/friend
967,231016.0,127.0,,,3,Neighbor/friend
968,231018.0,128.0,,,2,Neighbor/friend
969,231019.0,129.0,,,2,Neighbor/friend
970,231021.0,130.0,,,5,Neighbor/friend
971,231022.0,131.0,,,2,Neighbor/friend
972,231024.0,132.0,,,2,Neighbor/friend
973,231026.0,133.0,,,2,Neighbor/friend
974,231028.0,134.0,,,2,Neighbor/friend
975,231029.0,135.0,,,2,Neighbor/friend
976,231032.0,136.0,,,3,Neighbor/friend
977,231034.0,137.0,,,2,Neighbor/friend
978,231036.0,138.0,,,4,Neighbor/friend
979,231039.0,139.0,,,2,Neighbor/friend
980,231041.0,140.0,,,4,Neighbor/friend
981,232002.0,141.0,,,2,Neighbor/friend
982,232003.0,142.0,,,2,Neighbor/friend
983,232004.0,143.0,,,2,Neighbor/friend
984,232005.0,144.0,,,2,Neighbor/friend
985,232006.0,145.0,,,2,Neighbor/friend
986,233002.0,146.0,,,5,Neighbor/friend
987,233004.0,147.0,,,5,Neighbor/friend
988,233008.0,148.0,,,5,Neighbor/friend
989,233009.0,149.0,,,5,Neighbor/friend
990,233010.0,150.0,,,5,Neighbor/friend
991,234001.0,151.0,,,5,Neighbor/friend
992,234002.0,152.0,,,5,Neighbor/friend
993,234004.0,153.0,,,2,Neighbor/friend
994,234005.0,154.0,,,5,Neighbor/friend
995,234006.0,155.0,,,4,Neighbor/friend
996,234008.0,156.0,,,4,Neighbor/friend
997,234009.0,157.0,,,4,Neighbor/friend
998,234010.0,158.0,,,2,Neighbor/friend
999,234011.0,159.0,,,5,Neighbor/friend
1000,234012.0,160.0,,,4,Neighbor/friend
1001,234013.0,161.0,,,4,Neighbor/friend
1002,234016.0,162.0,,,5,Neighbor/friend
1003,234022.0,163.0,,,5,Neighbor/friend
1004,235001.0,164.0,,,5,Neighbor/friend
1005,235002.0,165.0,,,5,Neighbor/friend
1006,235003.0,166.0,,,2,Neighbor/friend
1007,236001.0,167.0,,,3,Neighbor/friend
1008,236002.0,168.0,,,3,Neighbor/friend
1009,236003.0,169.0,,,5,Neighbor/friend
1010,236004.0,170.0,,,5,Neighbor/friend
1011,237003.0,171.0,,,5,Neighbor/friend
1012,237004.0,172.0,,,5,Neighbor/friend
1013,237005.0,173.0,,,5,Neighbor/friend
1014,237006.0,174.0,,,5,Neighbor/friend
1015,23001.0,175.0,,,5,Weekly market vendor
1016,23002.0,176.0,,,5,Weekly market vendor
1017,23003.0,177.0,,,5,Weekly market vendor
1018,23004.0,178.0,,,5,Weekly market vendor
1019,23005.0,179.0,,,5,Weekly market vendor
1020,23006.0,180.0,,,2,Weekly market vendor
1021,23007.0,181.0,,,1,Weekly market vendor
1022,23011.0,182.0,,,5,Weekly market vendor
1023,23012.0,183.0,,,5,Weekly market vendor
1024,23013.0,184.0,,,5,Weekly market vendor
1025,23015.0,185.0,,,5,Weekly market vendor
1026,23016.0,186.0,,,2,Weekly market vendor
1027,23018.0,187.0,,,5,Weekly market vendor
1028,23019.0,188.0,,,5,Weekly market vendor
1029,23020.0,189.0,,,5,Weekly market vendor
1030,231001.0,190.0,,,5,Weekly market vendor
1031,231002.0,191.0,,,5,Weekly market vendor
1032,231008.0,192.0,,,5,Weekly market vendor
1033,231011.0,193.0,,,4,Weekly market vendor
1034,231014.0,194.0,,,5,Weekly market vendor
1035,231021.0,195.0,,,2,Weekly market vendor
1036,231028.0,196.0,,,3,Weekly market vendor
1037,231036.0,197.0,,,4,Weekly market vendor
1038,232006.0,198.0,,,5,Weekly market vendor
1039,232007.0,199.0,,,3,Weekly market vendor
1040,234001.0,200.0,,,4,Weekly market vendor
1041,234006.0,201.0,,,5,Weekly market vendor
1042,234008.0,202.0,,,5,Weekly market vendor
1043,234009.0,203.0,,,5,Weekly market vendor
1044,234010.0,204.0,,,2,Weekly market vendor
1045,234013.0,205.0,,,5,Weekly market vendor
1046,236004.0,206.0,,,5,Weekly market vendor
1047,23002.0,207.0,,,1,Urban vendor
1048,23003.0,208.0,,,3,Urban vendor
1049,23004.0,209.0,,,2,Urban vendor
1050,23005.0,210.0,,,1,Urban vendor
1051,23006.0,211.0,,,3,Urban vendor
1052,23007.0,212.0,,,5,Urban vendor
1053,23008.0,213.0,,,3,Urban vendor
1054,23009.0,214.0,,,3,Urban vendor
1055,23010.0,215.0,,,5,Urban vendor
1056,23011.0,216.0,,,5,Urban vendor
1057,23012.0,217.0,,,5,Urban vendor
1058,23013.0,218.0,,,3,Urban vendor
1059,23014.0,219.0,,,5,Urban vendor
1060,23016.0,220.0,,,2,Urban vendor
1061,23018.0,221.0,,,3,Urban vendor
1062,23019.0,222.0,,,2,Urban vendor
1063,231001.0,223.0,,,5,Urban vendor
1064,231002.0,224.0,,,4,Urban vendor
1065,231006.0,225.0,,,5,Urban vendor
1066,231008.0,226.0,,,4,Urban vendor
1067,231009.0,227.0,,,3,Urban vendor
1068,231010.0,228.0,,,2,Urban vendor
1069,231011.0,229.0,,,5,Urban vendor
1070,231014.0,230.0,,,5,Urban vendor
1071,231018.0,231.0,,,3,Urban vendor
1072,231021.0,232.0,,,5,Urban vendor
1073,231029.0,233.0,,,2,Urban vendor
1074,232002.0,234.0,,,2,Urban vendor
1075,234001.0,235.0,,,5,Urban vendor
1076,234005.0,236.0,,,2,Urban vendor
1077,234006.0,237.0,,,2,Urban vendor
1078,234009.0,238.0,,,2,Urban vendor
1079,234010.0,239.0,,,2,Urban vendor
1080,234013.0,240.0,,,2,Urban vendor
1081,236004.0,241.0,,,5,Urban vendor
1082,237004.0,242.0,,,3,Urban vendor
1083,23001.0,243.0,,,5,Vendor in agro-vet shop
1084,23003.0,244.0,,,5,Vendor in agro-vet shop
1085,23004.0,245.0,,,5,Vendor in agro-vet shop
1086,23005.0,246.0,,,1,Vendor in agro-vet shop
1087,23006.0,247.0,,,3,Vendor in agro-vet shop
1088,23008.0,248.0,,,2,Vendor in agro-vet shop
1089,23009.0,249.0,,,5,Vendor in agro-vet shop
1090,23011.0,250.0,,,5,Vendor in agro-vet shop
1091,23012.0,251.0,,,5,Vendor in agro-vet shop
1092,23014.0,252.0,,,5,Vendor in agro-vet shop
1093,23016.0,253.0,,,3,Vendor in agro-vet shop
1094,23018.0,254.0,,,2,Vendor in agro-vet shop
1095,23019.0,255.0,,,3,Vendor in agro-vet shop
1096,23021.0,256.0,,,5,Vendor in agro-vet shop
1097,231001.0,257.0,,,4,Vendor in agro-vet shop
1098,231002.0,258.0,,,3,Vendor in agro-vet shop
1099,231003.0,259.0,,,3,Vendor in agro-vet shop
1100,231005.0,260.0,,,2,Vendor in agro-vet shop
1101,231006.0,261.0,,,3,Vendor in agro-vet shop
1102,231007.0,262.0,,,2,Vendor in agro-vet shop
1103,231008.0,263.0,,,3,Vendor in agro-vet shop
1104,231010.0,264.0,,,2,Vendor in agro-vet shop
1105,231011.0,265.0,,,5,Vendor in agro-vet shop
1106,231012.0,266.0,,,3,Vendor in agro-vet shop
1107,231014.0,267.0,,,5,Vendor in agro-vet shop
1108,231015.0,268.0,,,2,Vendor in agro-vet shop
1109,231017.0,269.0,,,3,Vendor in agro-vet shop
1110,231018.0,270.0,,,4,Vendor in agro-vet shop
1111,231019.0,271.0,,,2,Vendor in agro-vet shop
1112,231020.0,272.0,,,3,Vendor in agro-vet shop
1113,231021.0,273.0,,,5,Vendor in agro-vet shop
1114,231022.0,274.0,,,3,Vendor in agro-vet shop
1115,231024.0,275.0,,,2,Vendor in agro-vet shop
1116,231026.0,276.0,,,2,Vendor in agro-vet shop
1117,231028.0,277.0,,,2,Vendor in agro-vet shop
1118,231029.0,278.0,,,2,Vendor in agro-vet shop
1119,231032.0,279.0,,,3,Vendor in agro-vet shop
1120,231034.0,280.0,,,2,Vendor in agro-vet shop
1121,231035.0,281.0,,,3,Vendor in agro-vet shop
1122,231036.0,282.0,,,2,Vendor in agro-vet shop
1123,231039.0,283.0,,,3,Vendor in agro-vet shop
1124,231041.0,284.0,,,2,Vendor in agro-vet shop
1125,231043.0,285.0,,,2,Vendor in agro-vet shop
1126,232002.0,286.0,,,3,Vendor in agro-vet shop
1127,232003.0,287.0,,,3,Vendor in agro-vet shop
1128,232004.0,288.0,,,3,Vendor in agro-vet shop
1129,232005.0,289.0,,,2,Vendor in agro-vet shop
1130,232006.0,290.0,,,2,Vendor in agro-vet shop
1131,232007.0,291.0,,,3,Vendor in agro-vet shop
1132,233003.0,292.0,,,4,Vendor in agro-vet shop
1133,233004.0,293.0,,,2,Vendor in agro-vet shop
1134,233006.0,294.0,,,2,Vendor in agro-vet shop
1135,233007.0,295.0,,,2,Vendor in agro-vet shop
1136,233008.0,296.0,,,3,Vendor in agro-vet shop
1137,233009.0,297.0,,,2,Vendor in agro-vet shop
1138,233010.0,298.0,,,1,Vendor in agro-vet shop
1139,233011.0,299.0,,,2,Vendor in agro-vet shop
1140,233013.0,300.0,,,2,Vendor in agro-vet shop
1141,234001.0,301.0,,,2,Vendor in agro-vet shop
1142,234002.0,302.0,,,2,Vendor in agro-vet shop
1143,234005.0,303.0,,,2,Vendor in agro-vet shop
1144,234006.0,304.0,,,2,Vendor in agro-vet shop
1145,234007.0,305.0,,,2,Vendor in agro-vet shop
1146,234008.0,306.0,,,2,Vendor in agro-vet shop
1147,234009.0,307.0,,,2,Vendor in agro-vet shop
1148,234010.0,308.0,,,2,Vendor in agro-vet shop
1149,234011.0,309.0,,,2,Vendor in agro-vet shop
1150,234012.0,310.0,,,3,Vendor in agro-vet shop
1151,234013.0,311.0,,,2,Vendor in agro-vet shop
1152,234014.0,312.0,,,2,Vendor in agro-vet shop
1153,234015.0,313.0,,,2,Vendor in agro-vet shop
1154,234016.0,314.0,,,3,Vendor in agro-vet shop
1155,234017.0,315.0,,,2,Vendor in agro-vet shop
1156,234018.0,316.0,,,2,Vendor in agro-vet shop
1157,234020.0,317.0,,,2,Vendor in agro-vet shop
1158,234022.0,318.0,,,2,Vendor in agro-vet shop
1159,234023.0,319.0,,,2,Vendor in agro-vet shop
1160,234024.0,320.0,,,2,Vendor in agro-vet shop
1161,235001.0,321.0,,,3,Vendor in agro-vet shop
1162,235002.0,322.0,,,3,Vendor in agro-vet shop
1163,235003.0,323.0,,,2,Vendor in agro-vet shop
1164,236001.0,324.0,,,3,Vendor in agro-vet shop
1165,236003.0,325.0,,,3,Vendor in agro-vet shop
1166,236004.0,326.0,,,3,Vendor in agro-vet shop
1167,237005.0,327.0,,,4,Vendor in agro-vet shop
1168,237006.0,328.0,,,3,Vendor in agro-vet shop
1169,211198.0,329.0,,,2,Vendor in agro-vet shop
1170,211199.0,330.0,,,2,Vendor in agro-vet shop
1171,23002.0,331.0,,,5,Teacher
1172,23003.0,332.0,,,2,Teacher
1173,23004.0,333.0,,,5,Teacher
1174,23006.0,334.0,,,3,Teacher
1175,23007.0,335.0,,,5,Teacher
1176,23011.0,336.0,,,2,Teacher
1177,23012.0,337.0,,,4,Teacher
1178,23017.0,338.0,,,5,Teacher
1179,23018.0,339.0,,,5,Teacher
1180,23019.0,340.0,,,5,Teacher
1181,23020.0,341.0,,,3,Teacher
1182,231001.0,342.0,,,5,Teacher
1183,231002.0,343.0,,,3,Teacher
1184,231006.0,344.0,,,3,Teacher
1185,231008.0,345.0,,,3,Teacher
1186,231011.0,346.0,,,5,Teacher
1187,231021.0,347.0,,,2,Teacher
1188,234002.0,348.0,,,4,Teacher
1189,234005.0,349.0,,,5,Teacher
1190,236001.0,350.0,,,3,Teacher
1191,236004.0,351.0,,,5,Teacher
1192,23002.0,352.0,,,4,Religious leader
1193,23003.0,353.0,,,5,Religious leader
1194,23004.0,354.0,,,5,Religious leader
1195,23005.0,355.0,,,2,Religious leader
1196,23006.0,356.0,,,5,Religious leader
1197,23008.0,357.0,,,1,Religious leader
1198,23010.0,358.0,,,4,Religious leader
1199,23011.0,359.0,,,3,Religious leader
1200,23012.0,360.0,,,3,Religious leader
1201,23013.0,361.0,,,2,Religious leader
1202,23016.0,362.0,,,3,Religious leader
1203,23019.0,363.0,,,2,Religious leader
1204,231001.0,364.0,,,1,Religious leader
1205,231002.0,365.0,,,3,Religious leader
1206,231006.0,366.0,,,3,Religious leader
1207,231008.0,367.0,,,5,Religious leader
1208,231011.0,368.0,,,2,Religious leader
1209,231018.0,369.0,,,2,Religious leader
1210,231021.0,370.0,,,1,Religious leader
1211,233002.0,371.0,,,1,Religious leader
1212,234001.0,372.0,,,1,Religious leader
1213,234005.0,373.0,,,1,Religious leader
1214,236003.0,374.0,,,1,Religious leader
1215,23001.0,375.0,,,2,Extension agent
1216,23002.0,376.0,,,5,Extension agent
1217,23003.0,377.0,,,3,Extension agent
1218,23004.0,378.0,,,3,Extension agent
1219,23005.0,379.0,,,3,Extension agent
1220,23006.0,380.0,,,3,Extension agent
1221,23007.0,381.0,,,4,Extension agent
1222,23008.0,382.0,,,3,Extension agent
1223,23009.0,383.0,,,5,Extension agent
1224,23010.0,384.0,,,4,Extension agent
1225,23011.0,385.0,,,3,Extension agent
1226,23012.0,386.0,,,5,Extension agent
1227,23013.0,387.0,,,3,Extension agent
1228,23014.0,388.0,,,5,Extension agent
1229,23015.0,389.0,,,3,Extension agent
1230,23016.0,390.0,,,3,Extension agent
1231,23018.0,391.0,,,5,Extension agent
1232,23019.0,392.0,,,5,Extension agent
1233,23020.0,393.0,,,4,Extension agent
1234,231001.0,394.0,,,5,Extension agent
1235,231002.0,395.0,,,5,Extension agent
1236,231003.0,396.0,,,2,Extension agent
1237,231006.0,397.0,,,3,Extension agent
1238,231007.0,398.0,,,5,Extension agent
1239,231008.0,399.0,,,3,Extension agent
1240,231011.0,400.0,,,2,Extension agent
1241,231012.0,401.0,,,3,Extension agent
1242,231014.0,402.0,,,3,Extension agent
1243,231015.0,403.0,,,2,Extension agent
1244,231018.0,404.0,,,3,Extension agent
1245,231019.0,405.0,,,2,Extension agent
1246,231021.0,406.0,,,2,Extension agent
1247,231024.0,407.0,,,2,Extension agent
1248,231028.0,408.0,,,2,Extension agent
1249,231029.0,409.0,,,3,Extension agent
1250,231032.0,410.0,,,2,Extension agent
1251,231034.0,411.0,,,2,Extension agent
1252,231043.0,412.0,,,3,Extension agent
1253,232003.0,413.0,,,2,Extension agent
1254,232004.0,414.0,,,2,Extension agent
1255,232005.0,415.0,,,2,Extension agent
1256,232006.0,416.0,,,2,Extension agent
1257,233004.0,417.0,,,2,Extension agent
1258,233008.0,418.0,,,2,Extension agent
1259,233009.0,419.0,,,2,Extension agent
1260,234001.0,420.0,,,4,Extension agent
1261,234002.0,421.0,,,3,Extension agent
1262,234004.0,422.0,,,2,Extension agent
1263,234006.0,423.0,,,1,Extension agent
1264,234008.0,424.0,,,1,Extension agent
1265,234009.0,425.0,,,1,Extension agent
1266,234010.0,426.0,,,2,Extension agent
1267,234011.0,427.0,,,2,Extension agent
1268,234013.0,428.0,,,1,Extension agent
1269,234016.0,429.0,,,2,Extension agent
1270,235002.0,430.0,,,3,Extension agent
1271,236001.0,431.0,,,2,Extension agent
1272,236003.0,432.0,,,2,Extension agent
1273,236004.0,433.0,,,2,Extension agent
1274,237004.0,434.0,,,2,Extension agent
1275,237005.0,435.0,,,2,Extension agent
1276,237006.0,436.0,,,2,Extension agent
1277,211197.0,437.0,,,3,Extension agent
1278,23002.0,438.0,,,5,NGO agent
1279,23003.0,439.0,,,2,NGO agent
1280,23004.0,440.0,,,3,NGO agent
1281,23008.0,441.0,,,2,NGO agent
1282,23009.0,442.0,,,3,NGO agent
1283,23011.0,443.0,,,2,NGO agent
1284,23012.0,444.0,,,4,NGO agent
1285,23014.0,445.0,,,4,NGO agent
1286,23015.0,446.0,,,1,NGO agent
1287,23016.0,447.0,,,5,NGO agent
1288,23018.0,448.0,,,5,NGO agent
1289,23019.0,449.0,,,5,NGO agent
1290,231001.0,450.0,,,5,NGO agent
1291,231006.0,451.0,,,5,NGO agent
1292,231008.0,452.0,,,5,NGO agent
1293,231011.0,453.0,,,2,NGO agent
1294,231014.0,454.0,,,3,NGO agent
1295,231017.0,455.0,,,3,NGO agent
1296,231021.0,456.0,,,2,NGO agent
1297,231032.0,457.0,,,2,NGO agent
1298,234001.0,458.0,,,2,NGO agent
1299,234006.0,459.0,,,1,NGO agent
1300,234009.0,460.0,,,1,NGO agent
1301,234013.0,461.0,,,1,NGO agent
1302,236001.0,462.0,,,1,NGO agent
1303,236003.0,463.0,,,2,NGO agent
1304,236004.0,464.0,,,1,NGO agent
1305,211197.0,465.0,,,2,NGO agent
1306,23001.0,466.0,,,4,Vet service provider
1307,23003.0,467.0,,,2,Vet service provider
1308,23007.0,468.0,,,3,Vet service provider
1309,23008.0,469.0,,,2,Vet service provider
1310,23009.0,470.0,,,3,Vet service provider
1311,23011.0,471.0,,,5,Vet service provider
1312,23012.0,472.0,,,5,Vet service provider
1313,23013.0,473.0,,,5,Vet service provider
1314,23014.0,474.0,,,5,Vet service provider
1315,23015.0,475.0,,,1,Vet service provider
1316,23016.0,476.0,,,5,Vet service provider
1317,23017.0,477.0,,,5,Vet service provider
1318,23018.0,478.0,,,5,Vet service provider
1319,23019.0,479.0,,,3,Vet service provider
1320,23020.0,480.0,,,4,Vet service provider
1321,23021.0,481.0,,,4,Vet service provider
1322,231001.0,482.0,,,5,Vet service provider
1323,231002.0,483.0,,,3,Vet service provider
1324,231005.0,484.0,,,3,Vet service provider
1325,231006.0,485.0,,,5,Vet service provider
1326,231007.0,486.0,,,4,Vet service provider
1327,231011.0,487.0,,,2,Vet service provider
1328,231012.0,488.0,,,2,Vet service provider
1329,231014.0,489.0,,,3,Vet service provider
1330,231015.0,490.0,,,1,Vet service provider
1331,231017.0,491.0,,,3,Vet service provider
1332,231018.0,492.0,,,2,Vet service provider
1333,231019.0,493.0,,,3,Vet service provider
1334,231021.0,494.0,,,3,Vet service provider
1335,231023.0,495.0,,,2,Vet service provider
1336,231024.0,496.0,,,1,Vet service provider
1337,231026.0,497.0,,,2,Vet service provider
1338,231028.0,498.0,,,1,Vet service provider
1339,231032.0,499.0,,,2,Vet service provider
1340,231034.0,500.0,,,1,Vet service provider
1341,231035.0,501.0,,,2,Vet service provider
1342,231036.0,502.0,,,2,Vet service provider
1343,231039.0,503.0,,,1,Vet service provider
1344,231041.0,504.0,,,3,Vet service provider
1345,231043.0,505.0,,,3,Vet service provider
1346,232002.0,506.0,,,2,Vet service provider
1347,232003.0,507.0,,,3,Vet service provider
1348,232004.0,508.0,,,2,Vet service provider
1349,232005.0,509.0,,,2,Vet service provider
1350,232006.0,510.0,,,2,Vet service provider
1351,232007.0,511.0,,,2,Vet service provider
1352,233002.0,512.0,,,4,Vet service provider
1353,233003.0,513.0,,,2,Vet service provider
1354,233004.0,514.0,,,2,Vet service provider
1355,233006.0,515.0,,,2,Vet service provider
1356,233007.0,516.0,,,2,Vet service provider
1357,233008.0,517.0,,,3,Vet service provider
1358,233009.0,518.0,,,2,Vet service provider
1359,233011.0,519.0,,,3,Vet service provider
1360,233013.0,520.0,,,2,Vet service provider
1361,234001.0,521.0,,,3,Vet service provider
1362,234002.0,522.0,,,2,Vet service provider
1363,234004.0,523.0,,,3,Vet service provider
1364,234005.0,524.0,,,3,Vet service provider
1365,234006.0,525.0,,,5,Vet service provider
1366,234008.0,526.0,,,5,Vet service provider
1367,234009.0,527.0,,,5,Vet service provider
1368,234010.0,528.0,,,2,Vet service provider
1369,234011.0,529.0,,,3,Vet service provider
1370,234012.0,530.0,,,5,Vet service provider
1371,234013.0,531.0,,,5,Vet service provider
1372,234014.0,532.0,,,2,Vet service provider
1373,234015.0,533.0,,,2,Vet service provider
1374,234017.0,534.0,,,2,Vet service provider
1375,234018.0,535.0,,,2,Vet service provider
1376,234020.0,536.0,,,2,Vet service provider
1377,234022.0,537.0,,,3,Vet service provider
1378,234023.0,538.0,,,2,Vet service provider
1379,234024.0,539.0,,,2,Vet service provider
1380,235001.0,540.0,,,2,Vet service provider
1381,235002.0,541.0,,,2,Vet service provider
1382,235003.0,542.0,,,2,Vet service provider
1383,236001.0,543.0,,,3,Vet service provider
1384,236002.0,544.0,,,3,Vet service provider
1385,236003.0,545.0,,,3,Vet service provider
1386,236004.0,546.0,,,3,Vet service provider
1387,237003.0,547.0,,,3,Vet service provider
1388,237004.0,548.0,,,2,Vet service provider
1389,237005.0,549.0,,,5,Vet service provider
1390,237006.0,550.0,,,2,Vet service provider
1391,211198.0,551.0,,,2,Vet service provider
1392,211199.0,552.0,,,3,Vet service provider
1393,23002.0,553.0,,,2,Gvt parastatal
1394,23003.0,554.0,,,2,Gvt parastatal
1395,23004.0,555.0,,,5,Gvt parastatal
1396,23005.0,556.0,,,2,Gvt parastatal
1397,23006.0,557.0,,,5,Gvt parastatal
1398,23007.0,558.0,,,2,Gvt parastatal
1399,23008.0,559.0,,,5,Gvt parastatal
1400,23009.0,560.0,,,2,Gvt parastatal
1401,23010.0,561.0,,,5,Gvt parastatal
1402,23011.0,562.0,,,2,Gvt parastatal
1403,23012.0,563.0,,,2,Gvt parastatal
1404,23013.0,564.0,,,2,Gvt parastatal
1405,23014.0,565.0,,,2,Gvt parastatal
1406,23016.0,566.0,,,3,Gvt parastatal
1407,23017.0,567.0,,,5,Gvt parastatal
1408,23018.0,568.0,,,5,Gvt parastatal
1409,23019.0,569.0,,,3,Gvt parastatal
1410,23021.0,570.0,,,2,Gvt parastatal
1411,231001.0,571.0,,,5,Gvt parastatal
1412,231002.0,572.0,,,5,Gvt parastatal
1413,231005.0,573.0,,,2,Gvt parastatal
1414,231006.0,574.0,,,5,Gvt parastatal
1415,231007.0,575.0,,,2,Gvt parastatal
1416,231008.0,576.0,,,5,Gvt parastatal
1417,231011.0,577.0,,,2,Gvt parastatal
1418,231014.0,578.0,,,5,Gvt parastatal
1419,231020.0,579.0,,,2,Gvt parastatal
1420,231022.0,580.0,,,2,Gvt parastatal
1421,231026.0,581.0,,,2,Gvt parastatal
1422,231028.0,582.0,,,2,Gvt parastatal
1423,231032.0,583.0,,,2,Gvt parastatal
1424,231034.0,584.0,,,2,Gvt parastatal
1425,231035.0,585.0,,,2,Gvt parastatal
1426,231036.0,586.0,,,2,Gvt parastatal
1427,231039.0,587.0,,,2,Gvt parastatal
1428,231041.0,588.0,,,2,Gvt parastatal
1429,231043.0,589.0,,,2,Gvt parastatal
1430,232002.0,590.0,,,2,Gvt parastatal
1431,232003.0,591.0,,,3,Gvt parastatal
1432,232004.0,592.0,,,2,Gvt parastatal
1433,232005.0,593.0,,,2,Gvt parastatal
1434,232006.0,594.0,,,2,Gvt parastatal
1435,232007.0,595.0,,,2,Gvt parastatal
1436,233003.0,596.0,,,1,Gvt parastatal
1437,233004.0,597.0,,,1,Gvt parastatal
1438,233006.0,598.0,,,2,Gvt parastatal
1439,233007.0,599.0,,,2,Gvt parastatal
1440,233008.0,600.0,,,1,Gvt parastatal
1441,233009.0,601.0,,,1,Gvt parastatal
1442,233011.0,602.0,,,2,Gvt parastatal
1443,233013.0,603.0,,,2,Gvt parastatal
1444,234001.0,604.0,,,2,Gvt parastatal
1445,234002.0,605.0,,,2,Gvt parastatal
1446,234006.0,606.0,,,2,Gvt parastatal
1447,234008.0,607.0,,,2,Gvt parastatal
1448,234009.0,608.0,,,2,Gvt parastatal
1449,234011.0,609.0,,,2,Gvt parastatal
1450,234012.0,610.0,,,2,Gvt parastatal
1451,234013.0,611.0,,,2,Gvt parastatal
1452,234014.0,612.0,,,2,Gvt parastatal
1453,234015.0,613.0,,,3,Gvt parastatal
1454,234016.0,614.0,,,2,Gvt parastatal
1455,234017.0,615.0,,,2,Gvt parastatal
1456,234018.0,616.0,,,2,Gvt parastatal
1457,234020.0,617.0,,,2,Gvt parastatal
1458,234022.0,618.0,,,1,Gvt parastatal
1459,234023.0,619.0,,,2,Gvt parastatal
1460,234024.0,620.0,,,2,Gvt parastatal
1461,235001.0,621.0,,,1,Gvt parastatal
1462,235002.0,622.0,,,2,Gvt parastatal
1463,235003.0,623.0,,,2,Gvt parastatal
1464,236001.0,624.0,,,2,Gvt parastatal
1465,236003.0,625.0,,,2,Gvt parastatal
1466,236004.0,626.0,,,2,Gvt parastatal
1467,237003.0,627.0,,,1,Gvt parastatal
1468,237004.0,628.0,,,1,Gvt parastatal
1469,237005.0,629.0,,,1,Gvt parastatal
1470,237006.0,630.0,,,1,Gvt parastatal
1471,211199.0,631.0,,,1,Gvt parastatal
1472,23001.0,632.0,,,2,Ag researcher
1473,23002.0,633.0,,,3,Ag researcher
1474,23003.0,634.0,,,1,Ag researcher
1475,23004.0,635.0,,,2,Ag researcher
1476,23005.0,636.0,,,2,Ag researcher
1477,23007.0,637.0,,,3,Ag researcher
1478,23009.0,638.0,,,3,Ag researcher
1479,23011.0,639.0,,,5,Ag researcher
1480,23012.0,640.0,,,2,Ag researcher
1481,23013.0,641.0,,,1,Ag researcher
1482,23014.0,642.0,,,2,Ag researcher
1483,23016.0,643.0,,,5,Ag researcher
1484,23018.0,644.0,,,5,Ag researcher
1485,23019.0,645.0,,,3,Ag researcher
1486,23020.0,646.0,,,3,Ag researcher
1487,23021.0,647.0,,,2,Ag researcher
1488,231001.0,648.0,,,5,Ag researcher
1489,231002.0,649.0,,,5,Ag researcher
1490,231006.0,650.0,,,5,Ag researcher
1491,231008.0,651.0,,,5,Ag researcher
1492,231010.0,652.0,,,1,Ag researcher
1493,231014.0,653.0,,,5,Ag researcher
1494,231018.0,654.0,,,5,Ag researcher
1495,231022.0,655.0,,,1,Ag researcher
1496,231024.0,656.0,,,1,Ag researcher
1497,231026.0,657.0,,,2,Ag researcher
1498,231028.0,658.0,,,2,Ag researcher
1499,232002.0,659.0,,,2,Ag researcher
1500,232004.0,660.0,,,2,Ag researcher
1501,233004.0,661.0,,,1,Ag researcher
1502,233008.0,662.0,,,4,Ag researcher
1503,233009.0,663.0,,,1,Ag researcher
1504,234001.0,664.0,,,5,Ag researcher
1505,234002.0,665.0,,,2,Ag researcher
1506,234004.0,666.0,,,1,Ag researcher
1507,234005.0,667.0,,,3,Ag researcher
1508,234006.0,668.0,,,1,Ag researcher
1509,234007.0,669.0,,,2,Ag researcher
1510,234008.0,670.0,,,1,Ag researcher
1511,234009.0,671.0,,,1,Ag researcher
1512,234010.0,672.0,,,2,Ag researcher
1513,234011.0,673.0,,,2,Ag researcher
1514,234012.0,674.0,,,1,Ag researcher
1515,234013.0,675.0,,,1,Ag researcher
1516,234020.0,676.0,,,2,Ag researcher
1517,235002.0,677.0,,,1,Ag researcher
1518,236001.0,678.0,,,2,Ag researcher
1519,236003.0,679.0,,,2,Ag researcher
1520,236004.0,680.0,,,2,Ag researcher
1521,23002.0,681.0,,,5,Microfinance rep
1522,23004.0,682.0,,,5,Microfinance rep
1523,23005.0,683.0,,,2,Microfinance rep
1524,23006.0,684.0,,,5,Microfinance rep
1525,23007.0,685.0,,,4,Microfinance rep
1526,23008.0,686.0,,,3,Microfinance rep
1527,23012.0,687.0,,,5,Microfinance rep
1528,23014.0,688.0,,,2,Microfinance rep
1529,23015.0,689.0,,,2,Microfinance rep
1530,23018.0,690.0,,,5,Microfinance rep
1531,23019.0,691.0,,,3,Microfinance rep
1532,23021.0,692.0,,,2,Microfinance rep
1533,231001.0,693.0,,,5,Microfinance rep
1534,231002.0,694.0,,,5,Microfinance rep
1535,231006.0,695.0,,,2,Microfinance rep
1536,231008.0,696.0,,,5,Microfinance rep
1537,231014.0,697.0,,,3,Microfinance rep
1538,231016.0,698.0,,,1,Microfinance rep
1539,231018.0,699.0,,,4,Microfinance rep
1540,231029.0,700.0,,,3,Microfinance rep
1541,233003.0,701.0,,,1,Microfinance rep
1542,233009.0,702.0,,,3,Microfinance rep
1543,234001.0,703.0,,,3,Microfinance rep
1544,234002.0,704.0,,,2,Microfinance rep
1545,234005.0,705.0,,,2,Microfinance rep
1546,234006.0,706.0,,,1,Microfinance rep
1547,234007.0,707.0,,,3,Microfinance rep
1548,234008.0,708.0,,,1,Microfinance rep
1549,234009.0,709.0,,,1,Microfinance rep
1550,234010.0,710.0,,,2,Microfinance rep
1551,234012.0,711.0,,,1,Microfinance rep
1552,234013.0,712.0,,,1,Microfinance rep
1553,234016.0,713.0,,,3,Microfinance rep
1554,235002.0,714.0,,,3,Microfinance rep
1555,236001.0,715.0,,,1,Microfinance rep
1556,236003.0,716.0,,,2,Microfinance rep
1557,237005.0,717.0,,,2,Microfinance rep
1558,211197.0,718.0,,,3,Microfinance rep
1559,23002.0,719.0,,,1,Tractor owner
1560,23003.0,720.0,,,2,Tractor owner
1561,23004.0,721.0,,,2,Tractor owner
1562,23005.0,722.0,,,1,Tractor owner
1563,23007.0,723.0,,,2,Tractor owner
1564,23012.0,724.0,,,3,Tractor owner
1565,23016.0,725.0,,,2,Tractor owner
1566,231001.0,726.0,,,4,Tractor owner
1567,231002.0,727.0,,,2,Tractor owner
1568,231006.0,728.0,,,3,Tractor owner
1569,231008.0,729.0,,,2,Tractor owner
1570,231014.0,730.0,,,5,Tractor owner
1571,231018.0,731.0,,,2,Tractor owner
1572,231026.0,732.0,,,2,Tractor owner
1573,231028.0,733.0,,,2,Tractor owner
1574,231029.0,734.0,,,2,Tractor owner
1575,231032.0,735.0,,,2,Tractor owner
1576,231034.0,736.0,,,2,Tractor owner
1577,231035.0,737.0,,,2,Tractor owner
1578,231036.0,738.0,,,2,Tractor owner
1579,231041.0,739.0,,,2,Tractor owner
1580,231043.0,740.0,,,2,Tractor owner
1581,232002.0,741.0,,,2,Tractor owner
1582,232004.0,742.0,,,2,Tractor owner
1583,232005.0,743.0,,,1,Tractor owner
1584,232006.0,744.0,,,2,Tractor owner
1585,233003.0,745.0,,,2,Tractor owner
1586,233004.0,746.0,,,2,Tractor owner
1587,233006.0,747.0,,,2,Tractor owner
1588,233007.0,748.0,,,2,Tractor owner
1589,233008.0,749.0,,,1,Tractor owner
1590,233010.0,750.0,,,1,Tractor owner
1591,233011.0,751.0,,,2,Tractor owner
1592,233013.0,752.0,,,2,Tractor owner
1593,234001.0,753.0,,,2,Tractor owner
1594,234002.0,754.0,,,2,Tractor owner
1595,234005.0,755.0,,,2,Tractor owner
1596,234006.0,756.0,,,2,Tractor owner
1597,234007.0,757.0,,,2,Tractor owner
1598,234008.0,758.0,,,2,Tractor owner
1599,234009.0,759.0,,,2,Tractor owner
1600,234010.0,760.0,,,2,Tractor owner
1601,234011.0,761.0,,,3,Tractor owner
1602,234012.0,762.0,,,2,Tractor owner
1603,234013.0,763.0,,,2,Tractor owner
1604,234014.0,764.0,,,2,Tractor owner
1605,234015.0,765.0,,,2,Tractor owner
1606,234016.0,766.0,,,2,Tractor owner
1607,234017.0,767.0,,,2,Tractor owner
1608,234018.0,768.0,,,2,Tractor owner
1609,234020.0,769.0,,,2,Tractor owner
1610,234022.0,770.0,,,1,Tractor owner
1611,234023.0,771.0,,,2,Tractor owner
1612,234024.0,772.0,,,2,Tractor owner
1613,235001.0,773.0,,,2,Tractor owner
1614,235002.0,774.0,,,2,Tractor owner
1615,235003.0,775.0,,,2,Tractor owner
1616,236001.0,776.0,,,2,Tractor owner
1617,236003.0,777.0,,,2,Tractor owner
1618,237003.0,778.0,,,1,Tractor owner
1619,237004.0,779.0,,,2,Tractor owner
1620,237005.0,780.0,,,1,Tractor owner
1621,237006.0,781.0,,,2,Tractor owner
1622,211199.0,782.0,,,2,Tractor owner
1623,23002.0,783.0,,,5,Farmer org. leader
1624,23003.0,784.0,,,2,Farmer org. leader
1625,23004.0,785.0,,,2,Farmer org. leader
1626,23006.0,786.0,,,5,Farmer org. leader
1627,23007.0,787.0,,,2,Farmer org. leader
1628,23010.0,788.0,,,3,Farmer org. leader
1629,23012.0,789.0,,,3,Farmer org. leader
1630,23013.0,790.0,,,3,Farmer org. leader
1631,23014.0,791.0,,,5,Farmer org. leader
1632,23015.0,792.0,,,2,Farmer org. leader
1633,23017.0,793.0,,,3,Farmer org. leader
1634,23018.0,794.0,,,5,Farmer org. leader
1635,23019.0,795.0,,,5,Farmer org. leader
1636,23020.0,796.0,,,2,Farmer org. leader
1637,23021.0,797.0,,,2,Farmer org. leader
1638,231001.0,798.0,,,5,Farmer org. leader
1639,231002.0,799.0,,,2,Farmer org. leader
1640,231006.0,800.0,,,2,Farmer org. leader
1641,231008.0,801.0,,,2,Farmer org. leader
1642,231014.0,802.0,,,3,Farmer org. leader
1643,231018.0,803.0,,,2,Farmer org. leader
1644,231028.0,804.0,,,2,Farmer org. leader
1645,232005.0,805.0,,,2,Farmer org. leader
1646,232006.0,806.0,,,2,Farmer org. leader
1647,234001.0,807.0,,,3,Farmer org. leader
1648,234002.0,808.0,,,2,Farmer org. leader
1649,234005.0,809.0,,,3,Farmer org. leader
1650,234006.0,810.0,,,3,Farmer org. leader
1651,234007.0,811.0,,,2,Farmer org. leader
1652,234008.0,812.0,,,2,Farmer org. leader
1653,234009.0,813.0,,,2,Farmer org. leader
1654,234010.0,814.0,,,2,Farmer org. leader
1655,234012.0,815.0,,,2,Farmer org. leader
1656,234013.0,816.0,,,2,Farmer org. leader
1657,235002.0,817.0,,,2,Farmer org. leader
1658,236001.0,818.0,,,2,Farmer org. leader
1659,23002.0,819.0,,,5,Women's org. leader
1660,23003.0,820.0,,,3,Women's org. leader
1661,23004.0,821.0,,,2,Women's org. leader
1662,23005.0,822.0,,,5,Women's org. leader
1663,23007.0,823.0,,,2,Women's org. leader
1664,23010.0,824.0,,,3,Women's org. leader
1665,23012.0,825.0,,,3,Women's org. leader
1666,23018.0,826.0,,,5,Women's org. leader
1667,23019.0,827.0,,,5,Women's org. leader
1668,,828.0,,,0,0
1669,23021.0,829.0,,,2,Women's org. leader
1670,231001.0,830.0,,,3,Women's org. leader
1671,231002.0,831.0,,,2,Women's org. leader
1672,231006.0,832.0,,,3,Women's org. leader
1673,231008.0,833.0,,,2,Women's org. leader
1674,231014.0,834.0,,,3,Women's org. leader
1675,231018.0,835.0,,,5,Women's org. leader
1676,231032.0,836.0,,,3,Women's org. leader
1677,231034.0,837.0,,,3,Women's org. leader
1678,231039.0,838.0,,,3,Women's org. leader
1679,232005.0,839.0,,,2,Women's org. leader
1680,232006.0,840.0,,,3,Women's org. leader
1681,234001.0,841.0,,,2,Women's org. leader
1682,234002.0,842.0,,,2,Women's org. leader
1683,234005.0,843.0,,,3,Women's org. leader
1684,234006.0,844.0,,,3,Women's org. leader
1685,234008.0,845.0,,,3,Women's org. leader
1686,234009.0,846.0,,,3,Women's org. leader
1687,234012.0,847.0,,,3,Women's org. leader
1688,234013.0,848.0,,,3,Women's org. leader
1689,211197.0,849.0,,,3,Women's org. leader
1690,23002.0,850.0,,,5,Youth org. leader
1691,23003.0,851.0,,,5,Youth org. leader
1692,23004.0,852.0,,,2,Youth org. leader
1693,23005.0,853.0,,,5,Youth org. leader
1694,23007.0,854.0,,,2,Youth org. leader
1695,23012.0,855.0,,,4,Youth org. leader
1696,23013.0,856.0,,,5,Youth org. leader
1697,23018.0,857.0,,,5,Youth org. leader
1698,23019.0,858.0,,,5,Youth org. leader
1699,23021.0,859.0,,,2,Youth org. leader
1700,231001.0,860.0,,,5,Youth org. leader
1701,231002.0,861.0,,,5,Youth org. leader
1702,231006.0,862.0,,,3,Youth org. leader
1703,231008.0,863.0,,,5,Youth org. leader
1704,231014.0,864.0,,,3,Youth org. leader
1705,231018.0,865.0,,,4,Youth org. leader
1706,232006.0,866.0,,,2,Youth org. leader
1707,232007.0,867.0,,,2,Youth org. leader
1708,234001.0,868.0,,,1,Youth org. leader
1709,234006.0,869.0,,,4,Youth org. leader
1710,234007.0,870.0,,,3,Youth org. leader
1711,234008.0,871.0,,,4,Youth org. leader
1712,234009.0,872.0,,,4,Youth org. leader
1713,234010.0,873.0,,,2,Youth org. leader
1714,234012.0,874.0,,,4,Youth org. leader
1715,234013.0,875.0,,,4,Youth org. leader
1716,236003.0,876.0,,,2,Youth org. leader
1717,23001.0,877.0,,,1,Local politican
1718,23002.0,878.0,,,5,Local politican
1719,23004.0,879.0,,,2,Local politican
1720,23005.0,880.0,,,5,Local politican
1721,23007.0,881.0,,,1,Local politican
1722,23008.0,882.0,,,3,Local politican
1723,23010.0,883.0,,,3,Local politican
1724,23012.0,884.0,,,2,Local politican
1725,23014.0,885.0,,,4,Local politican
1726,23015.0,886.0,,,2,Local politican
1727,23018.0,887.0,,,5,Local politican
1728,23019.0,888.0,,,2,Local politican
1729,23021.0,889.0,,,2,Local politican
1730,231001.0,890.0,,,2,Local politican
1731,231002.0,891.0,,,4,Local politican
1732,231006.0,892.0,,,2,Local politican
1733,231008.0,893.0,,,4,Local politican
1734,231014.0,894.0,,,3,Local politican
1735,231018.0,895.0,,,3,Local politican
1736,231032.0,896.0,,,2,Local politican
1737,231039.0,897.0,,,3,Local politican
1738,232006.0,898.0,,,2,Local politican
1739,233008.0,899.0,,,3,Local politican
1740,233009.0,900.0,,,2,Local politican
1741,234001.0,901.0,,,3,Local politican
1742,234005.0,902.0,,,1,Local politican
1743,234006.0,903.0,,,3,Local politican
1744,234007.0,904.0,,,2,Local politican
1745,234008.0,905.0,,,3,Local politican
1746,234009.0,906.0,,,3,Local politican
1747,234012.0,907.0,,,3,Local politican
1748,234013.0,908.0,,,3,Local politican
1749,236003.0,909.0,,,2,Local politican
