,id,linenum,value,var
0,211001.0,,5,211186
1,211001.0,,2,211195
2,211002.0,,3,211156
3,211002.0,,4,211196
4,211003.0,,2,211157
5,211003.0,,4,211022
6,211004.0,,2,211177
7,211004.0,,3,211190
8,211005.0,,5,211162
9,211005.0,,5,211175
10,211006.0,,2,211173
11,211006.0,,4,211153
12,211007.0,,1,211028
13,211007.0,,2,211159
14,211009.0,,4,211018
15,211009.0,,2,211034
16,211013.0,,2,211162
17,211013.0,,2,211176
18,211014.0,,5,211190
19,211014.0,,5,211032
20,211015.0,,1,211050
21,211015.0,,4,211173
22,211018.0,,1,211155
23,211018.0,,5,211193
24,211019.0,,2,211195
25,211019.0,,4,211197
26,211020.0,,5,211184
27,211020.0,,2,211199
28,211021.0,,2,211164
29,211021.0,,4,211198
30,211024.0,,5,211158
31,211024.0,,5,211157
32,211025.0,,5,211152
33,211025.0,,4,211152
34,211026.0,,1,211187
35,211026.0,,1,211022
36,211039.0,,4,211019
37,211039.0,,4,211152
38,211040.0,,4,211181
39,211040.0,,2,211019
40,211045.0,,3,211157
41,211045.0,,1,211041
42,211047.0,,5,211176
43,211047.0,,4,211160
44,211048.0,,5,211178
45,211048.0,,1,211050
46,211049.0,,2,211162
47,211049.0,,5,211004
48,211050.0,,4,211033
49,211050.0,,1,211169
50,211051.0,,4,211199
51,211051.0,,4,211166
52,211151.0,,3,211007
53,211151.0,,2,211030
54,211152.0,,3,211002
55,211152.0,,5,211180
56,211153.0,,5,211047
57,211153.0,,1,211001
58,211154.0,,2,211049
59,211154.0,,3,211002
60,211155.0,,2,211195
61,211155.0,,2,211176
62,211156.0,,3,211051
63,211156.0,,3,211032
64,211157.0,,2,211156
65,211157.0,,4,211152
66,211159.0,,5,211168
67,211159.0,,1,211012
68,211167.0,,5,211158
69,211167.0,,3,211049
70,211168.0,,2,211167
71,211168.0,,3,211028
72,211172.0,,4,211013
73,211172.0,,2,211193
74,211173.0,,1,211162
75,211173.0,,4,211015
76,211175.0,,3,211178
77,211175.0,,5,211004
78,211176.0,,3,211183
79,211176.0,,3,211168
80,211178.0,,1,211172
81,211178.0,,5,211166
82,211179.0,,2,211010
83,211179.0,,5,211001
84,211180.0,,2,211158
85,211180.0,,5,211027
86,211181.0,,3,211173
87,211181.0,,4,211193
88,211182.0,,3,211195
89,211182.0,,4,211025
90,211186.0,,4,211026
91,211186.0,,1,211158
92,211187.0,,3,211006
93,211187.0,,1,211051
94,211188.0,,1,211040
95,211188.0,,3,211174
96,211189.0,,2,211051
97,211189.0,,1,211155
98,211190.0,,1,211003
99,211190.0,,3,211024
100,211192.0,,3,211162
101,211192.0,,2,211178
102,211001.0,,1,211013
103,211001.0,,1,211197
104,211002.0,,2,211196
105,211002.0,,1,211021
106,211003.0,,1,211015
107,211003.0,,1,211015
108,211006.0,,5,211172
109,211006.0,,5,211158
110,211009.0,,5,211192
111,211009.0,,5,211196
112,211013.0,,2,211155
113,211013.0,,3,211021
114,211015.0,,2,211048
115,211015.0,,1,211184
116,211018.0,,2,211025
117,211018.0,,5,211190
118,211019.0,,1,211012
119,211019.0,,1,211188
120,211021.0,,1,211181
121,211021.0,,3,211020
122,211024.0,,1,211162
123,211024.0,,2,211159
124,211025.0,,1,211041
125,211025.0,,2,211180
126,211026.0,,5,211180
127,211026.0,,3,211176
128,211027.0,,3,211177
129,211027.0,,4,211024
130,211028.0,,5,211159
131,211028.0,,5,211156
132,211030.0,,3,211155
133,211030.0,,1,211170
134,211047.0,,2,211196
135,211047.0,,2,211001
136,211048.0,,1,211172
137,211048.0,,3,211199
138,211049.0,,1,211198
139,211049.0,,4,211050
140,211050.0,,3,211027
141,211050.0,,1,211032
142,211151.0,,5,211046
143,211151.0,,2,211018
144,211152.0,,4,211168
145,211152.0,,2,211158
146,211153.0,,2,211003
147,211153.0,,4,211046
148,211154.0,,4,211001
149,211154.0,,2,211018
150,211155.0,,4,211034
151,211155.0,,5,211014
152,211156.0,,2,211018
153,211156.0,,5,211048
154,211157.0,,2,211155
155,211157.0,,3,211006
156,211159.0,,2,211152
157,211159.0,,2,211021
158,211176.0,,5,211027
159,211176.0,,5,211188
160,211181.0,,5,211186
161,211181.0,,1,211198
162,211186.0,,1,211173
163,211186.0,,3,211018
164,211188.0,,4,211041
165,211188.0,,2,211180
166,211190.0,,3,211050
167,211190.0,,1,211197
168,211192.0,,4,211032
169,211192.0,,5,211049
170,211001.0,,1,211002
171,211002.0,,1,211014
172,211003.0,,5,211197
173,211004.0,,1,211047
174,211005.0,,5,211047
175,211006.0,,2,211181
176,211007.0,,3,211186
177,211009.0,,4,211184
178,211013.0,,4,211174
179,211014.0,,5,211019
180,211015.0,,3,211040
181,211018.0,,1,211170
182,211019.0,,3,211040
183,211020.0,,5,211014
184,211021.0,,1,211019
185,211024.0,,1,211160
186,211025.0,,3,211197
187,211026.0,,3,211047
188,211039.0,,4,211021
189,211040.0,,3,211027
190,211045.0,,4,211186
191,211047.0,,4,211177
192,211048.0,,2,211173
193,211049.0,,3,211012
194,211050.0,,1,211164
195,211051.0,,4,211164
196,211151.0,,2,211193
197,211152.0,,4,211183
198,211153.0,,2,211188
199,211154.0,,3,211192
200,211155.0,,2,211005
201,211156.0,,4,211006
202,211157.0,,5,211028
203,211159.0,,3,211003
204,211167.0,,4,211160
205,211168.0,,2,211167
206,211172.0,,3,211012
207,211173.0,,4,211152
208,211175.0,,3,211190
209,211176.0,,4,211175
210,211178.0,,3,211190
211,211179.0,,3,211009
212,211180.0,,5,211003
213,211181.0,,3,211051
214,211182.0,,5,211184
215,211186.0,,5,211152
216,211187.0,,4,211195
217,211188.0,,1,211169
218,211189.0,,3,211181
219,211190.0,,4,211154
220,211192.0,,5,211199
221,211001.0,,4,211027
222,211002.0,,1,211164
223,211003.0,,5,211006
224,211006.0,,4,211041
225,211009.0,,2,211051
226,211013.0,,5,211168
227,211015.0,,4,211041
228,211018.0,,1,211183
229,211019.0,,2,211154
230,211021.0,,5,211050
231,211024.0,,3,211162
232,211025.0,,5,211194
233,211026.0,,2,211177
234,211027.0,,3,211197
235,211028.0,,5,211162
236,211030.0,,2,211009
237,211047.0,,3,211006
238,211048.0,,1,211003
239,211049.0,,1,211028
240,211050.0,,2,211048
241,211151.0,,3,211180
242,211152.0,,1,211034
243,211153.0,,1,211187
244,211154.0,,2,211156
245,211155.0,,1,211197
246,211156.0,,5,211169
247,211157.0,,5,211020
248,211159.0,,2,211026
249,211176.0,,1,211196
250,211181.0,,4,211194
251,211186.0,,4,211187
252,211188.0,,2,211177
253,211190.0,,3,211025
254,211192.0,,3,211199
255,211003.0,,2,211166
256,211005.0,,4,211002
257,211007.0,,2,211022
258,211010.0,,5,211187
259,211012.0,,3,211193
260,211022.0,,3,211001
261,211025.0,,1,211158
262,211026.0,,5,211041
263,211028.0,,3,211169
264,211030.0,,4,211015
265,211033.0,,2,211156
266,211034.0,,4,211175
267,211046.0,,3,211020
268,211049.0,,3,211181
269,211050.0,,3,211004
270,211151.0,,4,211049
271,211152.0,,1,211167
272,211153.0,,5,211006
273,211154.0,,4,211176
274,211155.0,,1,211187
275,211156.0,,3,211158
276,211157.0,,3,211007
277,211158.0,,1,211193
278,211159.0,,3,211040
279,211162.0,,4,211194
280,211166.0,,2,211172
281,211167.0,,3,211014
282,211168.0,,1,211046
283,211169.0,,2,211156
284,211170.0,,5,211174
285,211172.0,,5,211039
286,211173.0,,2,211198
287,211174.0,,3,211192
288,211176.0,,5,211199
289,211177.0,,2,211026
290,211178.0,,2,211026
291,211179.0,,5,211187
292,211180.0,,2,211174
293,211181.0,,3,211159
294,211182.0,,1,211001
295,211001.0,,4,211004
296,211002.0,,5,211020
297,211007.0,,3,211184
298,211009.0,,2,211168
299,211010.0,,5,211020
300,211012.0,,5,211187
301,211020.0,,2,211179
302,211024.0,,1,211169
303,211025.0,,4,211153
304,211026.0,,4,211180
305,211033.0,,3,211014
306,211034.0,,5,211157
307,211046.0,,2,211154
308,211049.0,,5,211190
309,211050.0,,3,211198
310,211151.0,,3,211027
311,211152.0,,4,211006
312,211153.0,,5,211174
313,211154.0,,1,211172
314,211155.0,,4,211195
315,211156.0,,3,211045
316,211157.0,,5,211040
317,211159.0,,2,211167
318,211166.0,,4,211021
319,211167.0,,5,211193
320,211168.0,,1,211015
321,211169.0,,4,211195
322,211170.0,,5,211193
323,211172.0,,3,211032
324,211174.0,,3,211195
325,211175.0,,5,211157
326,211176.0,,1,211034
327,211181.0,,2,211178
328,211183.0,,4,211002
329,211190.0,,3,211028
330,211001.0,,3,211020
331,211002.0,,1,211174
332,211003.0,,4,211193
333,211004.0,,3,211009
334,211005.0,,1,211030
335,211006.0,,2,211048
336,211007.0,,2,211173
337,211009.0,,3,211039
338,211010.0,,3,211014
339,211012.0,,1,211187
340,211014.0,,5,211174
341,211024.0,,1,211034
342,211025.0,,3,211155
343,211026.0,,5,211151
344,211027.0,,2,211169
345,211028.0,,2,211027
346,211030.0,,1,211152
347,211032.0,,4,211019
348,211033.0,,5,211046
349,211034.0,,1,211002
350,211046.0,,3,211032
351,211049.0,,2,211015
352,211050.0,,1,211025
353,211151.0,,1,211022
354,211152.0,,1,211015
355,211153.0,,5,211027
356,211154.0,,4,211014
357,211155.0,,5,211170
358,211156.0,,5,211046
359,211157.0,,4,211153
360,211159.0,,4,211157
361,211160.0,,3,211197
362,211166.0,,4,211003
363,211168.0,,2,211181
364,211169.0,,4,211180
365,211170.0,,2,211019
366,211172.0,,5,211009
367,211173.0,,4,211046
368,211174.0,,3,211197
369,211175.0,,1,211189
370,211176.0,,2,211180
371,211177.0,,1,211047
372,211178.0,,1,211172
373,211179.0,,5,211166
374,211180.0,,1,211020
375,211181.0,,3,211177
376,211182.0,,3,211047
377,211183.0,,2,211020
378,211184.0,,2,211190
379,211186.0,,4,211039
380,211187.0,,4,211199
381,211188.0,,5,211180
382,211189.0,,4,211015
383,211190.0,,1,211013
384,211192.0,,4,211194
385,211195.0,,2,211005
386,211196.0,,4,211168
387,211198.0,,4,211156
388,211199.0,,3,211014
389,211024.0,,3,211151
390,211025.0,,4,211028
391,211045.0,,3,211195
392,211051.0,,2,211002
393,211151.0,,4,211190
394,211152.0,,1,211013
395,211153.0,,5,211002
396,211156.0,,1,211188
397,211157.0,,1,211178
398,211159.0,,2,211198
399,211020.0,,1,211196
400,211025.0,,1,211005
401,211027.0,,5,211152
402,211151.0,,4,211005
403,211152.0,,5,211019
404,211153.0,,1,211026
405,211154.0,,1,211162
406,211155.0,,4,211047
407,211156.0,,4,211004
408,211157.0,,2,211159
409,211159.0,,5,211156
410,211176.0,,3,211013
411,211010.0,,2,211034
412,211012.0,,4,211159
413,211013.0,,2,211157
414,211015.0,,5,211193
415,211022.0,,3,211050
416,211024.0,,4,211032
417,211032.0,,5,211160
418,211033.0,,4,211173
419,211034.0,,1,211195
420,211039.0,,3,211187
421,211041.0,,1,211024
422,211049.0,,2,211013
423,211151.0,,3,211174
424,211153.0,,5,211157
425,211155.0,,5,211192
426,211156.0,,3,211013
427,211158.0,,5,211030
428,211159.0,,4,211156
429,211160.0,,3,211195
430,211162.0,,5,211159
431,211164.0,,2,211041
432,211168.0,,4,211155
433,211172.0,,3,211188
434,211174.0,,4,211194
435,211176.0,,2,211157
436,211177.0,,3,211175
437,211178.0,,4,211004
438,211179.0,,5,211160
439,211180.0,,4,211018
440,211181.0,,4,211040
441,211182.0,,1,211006
442,211183.0,,4,211159
443,211186.0,,3,211155
444,211187.0,,3,211014
445,211188.0,,4,211003
446,211189.0,,5,211192
447,211190.0,,4,211024
448,211197.0,,1,211180
449,211005.0,,3,211039
450,211009.0,,5,211021
451,211010.0,,5,211178
452,211012.0,,4,211005
453,211014.0,,1,211020
454,211032.0,,5,211007
455,211033.0,,2,211041
456,211034.0,,2,211194
457,211151.0,,2,211048
458,211152.0,,2,211018
459,211153.0,,3,211169
460,211154.0,,3,211152
461,211155.0,,4,211050
462,211156.0,,5,211190
463,211157.0,,4,211019
464,211159.0,,3,211162
465,211166.0,,2,211039
466,211167.0,,2,211180
467,211174.0,,4,211048
468,211175.0,,5,211004
469,211176.0,,1,211188
470,211177.0,,3,211033
471,211178.0,,3,211170
472,211179.0,,1,211012
473,211181.0,,5,211199
474,211182.0,,2,211178
475,211183.0,,5,211175
476,211186.0,,4,211170
477,211187.0,,4,211179
478,211190.0,,4,211045
479,211192.0,,2,211160
480,211197.0,,4,211046
481,211001.0,,4,211152
482,211002.0,,3,211021
483,211004.0,,4,211166
484,211006.0,,1,211199
485,211007.0,,3,211041
486,211009.0,,3,211198
487,211010.0,,2,211019
488,211012.0,,3,211003
489,211022.0,,4,211040
490,211025.0,,3,211180
491,211026.0,,1,211169
492,211028.0,,5,211162
493,211030.0,,4,211195
494,211032.0,,3,211020
495,211033.0,,2,211178
496,211034.0,,4,211174
497,211046.0,,1,211048
498,211048.0,,4,211164
499,211049.0,,4,211041
500,211151.0,,4,211002
501,211153.0,,2,211002
502,211156.0,,4,211195
503,211159.0,,5,211186
504,211160.0,,5,211196
505,211164.0,,4,211195
506,211166.0,,1,211153
507,211168.0,,4,211162
508,211170.0,,1,211194
509,211172.0,,4,211197
510,211173.0,,3,211158
511,211174.0,,5,211021
512,211175.0,,5,211173
513,211176.0,,2,211012
514,211177.0,,1,211178
515,211178.0,,5,211152
516,211179.0,,5,211004
517,211180.0,,5,211160
518,211181.0,,3,211034
519,211184.0,,2,211018
520,211186.0,,4,211172
521,211187.0,,1,211039
522,211188.0,,3,211007
523,211189.0,,4,211015
524,211190.0,,1,211177
525,211192.0,,3,211180
526,211193.0,,4,211198
527,211194.0,,2,211182
528,211195.0,,4,211186
529,211196.0,,3,211187
530,211198.0,,5,211039
531,211199.0,,4,211177
532,211010.0,,1,211156
533,211012.0,,3,211159
534,211019.0,,1,211010
535,211021.0,,2,211022
536,211024.0,,3,211154
537,211025.0,,3,211024
538,211032.0,,5,211179
539,211033.0,,2,211010
540,211034.0,,2,211172
541,211049.0,,5,211010
542,211159.0,,5,211154
543,211173.0,,1,211190
544,211175.0,,5,211167
545,211176.0,,3,211184
546,211177.0,,3,211015
547,211179.0,,5,211040
548,211180.0,,2,211166
549,211181.0,,3,211157
550,211182.0,,2,211047
551,211183.0,,2,211193
552,211186.0,,1,211051
553,211187.0,,2,211160
554,211189.0,,2,211174
555,211194.0,,5,211001
556,211199.0,,2,211046
557,211001.0,,5,211172
558,211002.0,,3,211184
559,211003.0,,3,211030
560,211004.0,,4,211197
561,211006.0,,1,211154
562,211007.0,,1,211050
563,211009.0,,4,211176
564,211010.0,,5,211197
565,211012.0,,2,211050
566,211013.0,,5,211034
567,211014.0,,4,211012
568,211015.0,,5,211159
569,211018.0,,2,211006
570,211024.0,,5,211188
571,211025.0,,2,211151
572,211026.0,,1,211041
573,211027.0,,1,211151
574,211032.0,,3,211158
575,211033.0,,4,211049
576,211034.0,,3,211195
577,211039.0,,5,211041
578,211040.0,,1,211184
579,211045.0,,3,211158
580,211046.0,,5,211010
581,211047.0,,1,211009
582,211049.0,,5,211187
583,211051.0,,4,211046
584,211151.0,,5,211178
585,211153.0,,2,211158
586,211154.0,,5,211180
587,211155.0,,1,211172
588,211156.0,,3,211175
589,211158.0,,4,211177
590,211159.0,,2,211181
591,211160.0,,3,211170
592,211164.0,,1,211158
593,211166.0,,4,211003
594,211167.0,,3,211190
595,211168.0,,1,211152
596,211169.0,,5,211184
597,211170.0,,2,211154
598,211172.0,,4,211186
599,211173.0,,4,211047
600,211174.0,,5,211193
601,211175.0,,2,211176
602,211176.0,,5,211174
603,211177.0,,4,211026
604,211179.0,,3,211001
605,211181.0,,5,211172
606,211182.0,,2,211007
607,211183.0,,4,211006
608,211186.0,,4,211187
609,211187.0,,1,211188
610,211188.0,,5,211168
611,211189.0,,2,211193
612,211190.0,,2,211046
613,211192.0,,2,211189
614,211195.0,,2,211049
615,211010.0,,1,211154
616,211012.0,,4,211182
617,211014.0,,5,211003
618,211015.0,,1,211195
619,211019.0,,1,211181
620,211033.0,,5,211190
621,211034.0,,3,211153
622,211049.0,,2,211045
623,211151.0,,5,211169
624,211152.0,,4,211153
625,211153.0,,5,211158
626,211154.0,,5,211182
627,211155.0,,5,211009
628,211156.0,,5,211195
629,211157.0,,4,211184
630,211159.0,,3,211176
631,211164.0,,1,211167
632,211176.0,,5,211158
633,211177.0,,1,211166
634,211178.0,,4,211040
635,211179.0,,1,211013
636,211180.0,,3,211184
637,211181.0,,3,211188
638,211183.0,,2,211162
639,211188.0,,5,211001
640,211190.0,,5,211050
641,211192.0,,1,211199
642,211193.0,,2,211195
643,211194.0,,2,211155
644,211197.0,,2,211194
645,211001.0,,1,211005
646,211003.0,,2,211179
647,211004.0,,2,211003
648,211005.0,,3,211006
649,211006.0,,1,211009
650,211009.0,,4,211018
651,211013.0,,5,211184
652,211018.0,,2,211172
653,211020.0,,1,211170
654,211022.0,,1,211049
655,211028.0,,3,211152
656,211030.0,,5,211179
657,211032.0,,4,211155
658,211033.0,,4,211175
659,211034.0,,5,211190
660,211041.0,,2,211175
661,211046.0,,3,211018
662,211049.0,,5,211019
663,211151.0,,1,211030
664,211153.0,,5,211007
665,211154.0,,1,211183
666,211155.0,,1,211001
667,211156.0,,1,211153
668,211159.0,,5,211026
669,211167.0,,5,211009
670,211177.0,,4,211039
671,211178.0,,4,211025
672,211179.0,,2,211028
673,211180.0,,5,211021
674,211181.0,,4,211014
675,211182.0,,2,211157
676,211199.0,,4,211170
677,211001.0,,5,211168
678,211002.0,,5,211197
679,211003.0,,1,211153
680,211007.0,,1,211014
681,211009.0,,4,211001
682,211010.0,,3,211174
683,211012.0,,4,211196
684,211024.0,,1,211030
685,211026.0,,1,211013
686,211028.0,,2,211159
687,211030.0,,3,211047
688,211032.0,,1,211154
689,211033.0,,1,211022
690,211034.0,,4,211168
691,211045.0,,4,211160
692,211046.0,,1,211155
693,211049.0,,2,211159
694,211050.0,,4,211198
695,211051.0,,5,211013
696,211154.0,,3,211196
697,211155.0,,3,211195
698,211156.0,,5,211177
699,211159.0,,2,211156
700,211162.0,,5,211170
701,211166.0,,2,211045
702,211168.0,,5,211173
703,211173.0,,2,211167
704,211174.0,,4,211040
705,211176.0,,2,211013
706,211177.0,,1,211025
707,211178.0,,4,211024
708,211179.0,,1,211195
709,211180.0,,5,211004
710,211181.0,,1,211005
711,211182.0,,4,211006
712,211183.0,,3,211151
713,211186.0,,2,211022
714,211187.0,,5,211026
715,211188.0,,2,211015
716,211189.0,,3,211155
717,211192.0,,3,211169
718,211002.0,,2,211182
719,211003.0,,1,211172
720,211007.0,,2,211014
721,211010.0,,2,211032
722,211012.0,,1,211168
723,211019.0,,5,211049
724,211020.0,,1,211013
725,211024.0,,3,211021
726,211025.0,,1,211193
727,211026.0,,4,211024
728,211027.0,,3,211051
729,211032.0,,5,211007
730,211033.0,,4,211022
731,211034.0,,1,211032
732,211046.0,,2,211004
733,211049.0,,3,211039
734,211050.0,,5,211155
735,211152.0,,2,211033
736,211154.0,,4,211004
737,211157.0,,4,211030
738,211159.0,,5,211183
739,211176.0,,5,211020
740,211178.0,,4,211015
741,211179.0,,1,211032
742,211180.0,,4,211153
743,211181.0,,5,211160
744,211182.0,,2,211151
745,211183.0,,1,211160
746,211190.0,,2,211009
747,211197.0,,3,211157
748,211004.0,,1,211001
749,211005.0,,3,211003
750,211009.0,,2,211001
751,211010.0,,4,211022
752,211012.0,,1,211009
753,211021.0,,2,211188
754,211033.0,,2,211195
755,211034.0,,1,211193
756,211049.0,,3,211169
757,211152.0,,3,211033
758,211157.0,,1,211169
759,211167.0,,2,211159
760,211168.0,,1,211045
761,211174.0,,1,211009
762,211176.0,,3,211192
763,211178.0,,1,211014
764,211179.0,,3,211188
765,211180.0,,5,211049
766,211181.0,,5,211194
767,211182.0,,4,211024
768,211183.0,,1,211159
769,211010.0,,4,211157
770,211012.0,,1,211158
771,211019.0,,2,211015
772,211025.0,,5,211046
773,211033.0,,4,211172
774,211034.0,,5,211175
775,211154.0,,4,211026
776,211155.0,,4,211041
777,211159.0,,4,211168
778,211001.0,1.0,5,Farmers
779,211002.0,2.0,5,Farmers
780,211003.0,3.0,5,Farmers
781,211004.0,4.0,2,Farmers
782,211005.0,5.0,2,Farmers
783,211006.0,6.0,2,Farmers
784,211007.0,7.0,2,Farmers
785,211009.0,8.0,2,Farmers
786,211013.0,9.0,5,Farmers
787,211014.0,10.0,5,Farmers
788,211015.0,11.0,5,Farmers
789,211018.0,12.0,3,Farmers
790,211019.0,13.0,2,Farmers
791,211020.0,14.0,2,Farmers
792,211021.0,15.0,2,Farmers
793,211024.0,16.0,5,Farmers
794,211025.0,17.0,5,Farmers
795,211026.0,18.0,5,Farmers
796,211039.0,19.0,5,Farmers
797,211040.0,20.0,5,Farmers
798,211045.0,21.0,2,Farmers
799,211047.0,22.0,5,Farmers
800,211048.0,23.0,5,Farmers
801,211049.0,24.0,5,Farmers
802,211050.0,25.0,5,Farmers
803,211051.0,26.0,2,Farmers
804,211151.0,27.0,5,Farmers
805,211152.0,28.0,5,Farmers
806,211153.0,29.0,5,Farmers
807,211154.0,30.0,5,Farmers
808,211155.0,31.0,5,Farmers
809,211156.0,32.0,5,Farmers
810,211157.0,33.0,5,Farmers
811,211159.0,34.0,5,Farmers
812,211167.0,35.0,1,Farmers
813,211168.0,36.0,3,Farmers
814,211172.0,37.0,3,Farmers
815,211173.0,38.0,5,Farmers
816,211175.0,39.0,3,Farmers
817,211176.0,40.0,4,Farmers
818,211178.0,41.0,4,Farmers
819,211179.0,42.0,5,Farmers
820,211180.0,43.0,4,Farmers
821,211181.0,44.0,5,Farmers
822,211182.0,45.0,3,Farmers
823,211186.0,46.0,2,Farmers
824,211187.0,47.0,2,Farmers
825,211188.0,48.0,2,Farmers
826,211189.0,49.0,2,Farmers
827,211190.0,50.0,2,Farmers
828,211192.0,51.0,2,Farmers
829,211001.0,52.0,2,Neighbor/friend
830,211002.0,53.0,5,Neighbor/friend
831,211003.0,54.0,5,Neighbor/friend
832,211006.0,55.0,5,Neighbor/friend
833,211009.0,56.0,5,Neighbor/friend
834,211013.0,57.0,5,Neighbor/friend
835,211015.0,58.0,4,Neighbor/friend
836,211018.0,59.0,3,Neighbor/friend
837,211019.0,60.0,2,Neighbor/friend
838,211021.0,61.0,2,Neighbor/friend
839,211024.0,62.0,5,Neighbor/friend
840,211025.0,63.0,5,Neighbor/friend
841,211026.0,64.0,5,Neighbor/friend
842,211027.0,65.0,3,Neighbor/friend
843,211028.0,66.0,5,Neighbor/friend
844,211030.0,67.0,5,Neighbor/friend
845,211047.0,68.0,5,Neighbor/friend
846,211048.0,69.0,4,Neighbor/friend
847,211049.0,70.0,5,Neighbor/friend
848,211050.0,71.0,5,Neighbor/friend
849,211151.0,72.0,5,Neighbor/friend
850,211152.0,73.0,5,Neighbor/friend
851,211153.0,74.0,5,Neighbor/friend
852,211154.0,75.0,4,Neighbor/friend
853,211155.0,76.0,5,Neighbor/friend
854,211156.0,77.0,5,Neighbor/friend
855,211157.0,78.0,5,Neighbor/friend
856,211159.0,79.0,5,Neighbor/friend
857,211176.0,80.0,5,Neighbor/friend
858,211181.0,81.0,2,Neighbor/friend
859,211186.0,82.0,2,Neighbor/friend
860,,83.0,0,0
861,211188.0,84.0,2,Neighbor/friend
862,211190.0,85.0,2,Neighbor/friend
863,211192.0,86.0,2,Neighbor/friend
864,211003.0,87.0,5,Weekly market vendor
865,211005.0,88.0,5,Weekly market vendor
866,211007.0,89.0,5,Weekly market vendor
867,211010.0,90.0,2,Weekly market vendor
868,211012.0,91.0,2,Weekly market vendor
869,211022.0,92.0,2,Weekly market vendor
870,211025.0,93.0,3,Weekly market vendor
871,211026.0,94.0,3,Weekly market vendor
872,211028.0,95.0,2,Weekly market vendor
873,211030.0,96.0,2,Weekly market vendor
874,211033.0,97.0,5,Weekly market vendor
875,211034.0,98.0,5,Weekly market vendor
876,211046.0,99.0,5,Weekly market vendor
877,211049.0,100.0,4,Weekly market vendor
878,211050.0,101.0,5,Weekly market vendor
879,211151.0,102.0,5,Weekly market vendor
880,211152.0,103.0,5,Weekly market vendor
881,211153.0,104.0,5,Weekly market vendor
882,211154.0,105.0,5,Weekly market vendor
883,211155.0,106.0,5,Weekly market vendor
884,211156.0,107.0,5,Weekly market vendor
885,211157.0,108.0,5,Weekly market vendor
886,211158.0,109.0,2,Weekly market vendor
887,211159.0,110.0,5,Weekly market vendor
888,211162.0,111.0,2,Weekly market vendor
889,211166.0,112.0,4,Weekly market vendor
890,211167.0,113.0,2,Weekly market vendor
891,211168.0,114.0,5,Weekly market vendor
892,211169.0,115.0,3,Weekly market vendor
893,211170.0,116.0,4,Weekly market vendor
894,211172.0,117.0,5,Weekly market vendor
895,211173.0,118.0,5,Weekly market vendor
896,211174.0,119.0,5,Weekly market vendor
897,211176.0,120.0,5,Weekly market vendor
898,211177.0,121.0,5,Weekly market vendor
899,211178.0,122.0,5,Weekly market vendor
900,211179.0,123.0,5,Weekly market vendor
901,211180.0,124.0,5,Weekly market vendor
902,211181.0,125.0,5,Weekly market vendor
903,211182.0,126.0,2,Weekly market vendor
904,211001.0,127.0,5,Urban vendor
905,211002.0,128.0,4,Urban vendor
906,211007.0,129.0,2,Urban vendor
907,211009.0,130.0,2,Urban vendor
908,211010.0,131.0,2,Urban vendor
909,211012.0,132.0,2,Urban vendor
910,211020.0,133.0,2,Urban vendor
911,211024.0,134.0,3,Urban vendor
912,211025.0,135.0,3,Urban vendor
913,211026.0,136.0,5,Urban vendor
914,211033.0,137.0,5,Urban vendor
915,211034.0,138.0,5,Urban vendor
916,211046.0,139.0,2,Urban vendor
917,211049.0,140.0,4,Urban vendor
918,211050.0,141.0,5,Urban vendor
919,211151.0,142.0,5,Urban vendor
920,211152.0,143.0,5,Urban vendor
921,211153.0,144.0,5,Urban vendor
922,211154.0,145.0,5,Urban vendor
923,211155.0,146.0,5,Urban vendor
924,211156.0,147.0,5,Urban vendor
925,211157.0,148.0,2,Urban vendor
926,211159.0,149.0,5,Urban vendor
927,211166.0,150.0,4,Urban vendor
928,211167.0,151.0,2,Urban vendor
929,211168.0,152.0,2,Urban vendor
930,211169.0,153.0,2,Urban vendor
931,211170.0,154.0,4,Urban vendor
932,211172.0,155.0,3,Urban vendor
933,211174.0,156.0,2,Urban vendor
934,211175.0,157.0,2,Urban vendor
935,211176.0,158.0,2,Urban vendor
936,211181.0,159.0,3,Urban vendor
937,211183.0,160.0,5,Urban vendor
938,211190.0,161.0,3,Urban vendor
939,211001.0,162.0,2,Vendor in agro-vet shop
940,211002.0,163.0,2,Vendor in agro-vet shop
941,211003.0,164.0,5,Vendor in agro-vet shop
942,211004.0,165.0,2,Vendor in agro-vet shop
943,211005.0,166.0,5,Vendor in agro-vet shop
944,211006.0,167.0,2,Vendor in agro-vet shop
945,211007.0,168.0,2,Vendor in agro-vet shop
946,211009.0,169.0,2,Vendor in agro-vet shop
947,211010.0,170.0,2,Vendor in agro-vet shop
948,211012.0,171.0,2,Vendor in agro-vet shop
949,211014.0,172.0,5,Vendor in agro-vet shop
950,211024.0,173.0,3,Vendor in agro-vet shop
951,211025.0,174.0,3,Vendor in agro-vet shop
952,211026.0,175.0,5,Vendor in agro-vet shop
953,211027.0,176.0,2,Vendor in agro-vet shop
954,211028.0,177.0,2,Vendor in agro-vet shop
955,211030.0,178.0,2,Vendor in agro-vet shop
956,211032.0,179.0,2,Vendor in agro-vet shop
957,211033.0,180.0,5,Vendor in agro-vet shop
958,211034.0,181.0,5,Vendor in agro-vet shop
959,211046.0,182.0,2,Vendor in agro-vet shop
960,211049.0,183.0,4,Vendor in agro-vet shop
961,211050.0,184.0,5,Vendor in agro-vet shop
962,211151.0,185.0,2,Vendor in agro-vet shop
963,211152.0,186.0,2,Vendor in agro-vet shop
964,211153.0,187.0,2,Vendor in agro-vet shop
965,211154.0,188.0,2,Vendor in agro-vet shop
966,211155.0,189.0,5,Vendor in agro-vet shop
967,211156.0,190.0,2,Vendor in agro-vet shop
968,211157.0,191.0,5,Vendor in agro-vet shop
969,211159.0,192.0,2,Vendor in agro-vet shop
970,211160.0,193.0,2,Vendor in agro-vet shop
971,211166.0,194.0,5,Vendor in agro-vet shop
972,211168.0,195.0,3,Vendor in agro-vet shop
973,211169.0,196.0,1,Vendor in agro-vet shop
974,211170.0,197.0,5,Vendor in agro-vet shop
975,211172.0,198.0,3,Vendor in agro-vet shop
976,211173.0,199.0,2,Vendor in agro-vet shop
977,211174.0,200.0,3,Vendor in agro-vet shop
978,211175.0,201.0,3,Vendor in agro-vet shop
979,211176.0,202.0,2,Vendor in agro-vet shop
980,211177.0,203.0,2,Vendor in agro-vet shop
981,211178.0,204.0,2,Vendor in agro-vet shop
982,211179.0,205.0,2,Vendor in agro-vet shop
983,211180.0,206.0,2,Vendor in agro-vet shop
984,211181.0,207.0,2,Vendor in agro-vet shop
985,211182.0,208.0,2,Vendor in agro-vet shop
986,211183.0,209.0,2,Vendor in agro-vet shop
987,211184.0,210.0,2,Vendor in agro-vet shop
988,211186.0,211.0,3,Vendor in agro-vet shop
989,211187.0,212.0,2,Vendor in agro-vet shop
990,211188.0,213.0,3,Vendor in agro-vet shop
991,211189.0,214.0,3,Vendor in agro-vet shop
992,211190.0,215.0,3,Vendor in agro-vet shop
993,211192.0,216.0,3,Vendor in agro-vet shop
994,211195.0,217.0,2,Vendor in agro-vet shop
995,211196.0,218.0,2,Vendor in agro-vet shop
996,211198.0,219.0,2,Vendor in agro-vet shop
997,211199.0,220.0,2,Vendor in agro-vet shop
998,211024.0,221.0,1,Teacher
999,211025.0,222.0,3,Teacher
1000,211045.0,223.0,2,Teacher
1001,211051.0,224.0,2,Teacher
1002,211151.0,225.0,2,Teacher
1003,211152.0,226.0,2,Teacher
1004,211153.0,227.0,2,Teacher
1005,211156.0,228.0,2,Teacher
1006,211157.0,229.0,2,Teacher
1007,211159.0,230.0,2,Teacher
1008,211020.0,231.0,2,Religious leader
1009,211025.0,232.0,3,Religious leader
1010,211027.0,233.0,5,Religious leader
1011,211151.0,234.0,5,Religious leader
1012,211152.0,235.0,5,Religious leader
1013,211153.0,236.0,5,Religious leader
1014,211154.0,237.0,5,Religious leader
1015,211155.0,238.0,5,Religious leader
1016,211156.0,239.0,5,Religious leader
1017,211157.0,240.0,5,Religious leader
1018,211159.0,241.0,5,Religious leader
1019,211176.0,242.0,1,Religious leader
1020,211010.0,243.0,2,Extension agent
1021,211012.0,244.0,2,Extension agent
1022,211013.0,245.0,5,Extension agent
1023,211015.0,246.0,2,Extension agent
1024,211022.0,247.0,2,Extension agent
1025,211024.0,248.0,2,Extension agent
1026,211032.0,249.0,2,Extension agent
1027,211033.0,250.0,2,Extension agent
1028,211034.0,251.0,2,Extension agent
1029,211039.0,252.0,2,Extension agent
1030,211041.0,253.0,2,Extension agent
1031,211049.0,254.0,3,Extension agent
1032,211151.0,255.0,2,Extension agent
1033,211153.0,256.0,2,Extension agent
1034,211155.0,257.0,2,Extension agent
1035,211156.0,258.0,2,Extension agent
1036,211158.0,259.0,3,Extension agent
1037,211159.0,260.0,2,Extension agent
1038,211160.0,261.0,3,Extension agent
1039,211162.0,262.0,4,Extension agent
1040,211164.0,263.0,5,Extension agent
1041,211168.0,264.0,3,Extension agent
1042,211172.0,265.0,3,Extension agent
1043,211174.0,266.0,3,Extension agent
1044,211176.0,267.0,5,Extension agent
1045,211177.0,268.0,4,Extension agent
1046,211178.0,269.0,3,Extension agent
1047,211179.0,270.0,5,Extension agent
1048,211180.0,271.0,5,Extension agent
1049,211181.0,272.0,5,Extension agent
1050,211182.0,273.0,5,Extension agent
1051,211183.0,274.0,4,Extension agent
1052,211186.0,275.0,1,Extension agent
1053,211187.0,276.0,3,Extension agent
1054,211188.0,277.0,1,Extension agent
1055,211189.0,278.0,2,Extension agent
1056,211190.0,279.0,2,Extension agent
1057,211197.0,280.0,3,Extension agent
1058,211005.0,281.0,2,NGO agent
1059,211009.0,282.0,2,NGO agent
1060,211010.0,283.0,2,NGO agent
1061,211012.0,284.0,2,NGO agent
1062,211014.0,285.0,3,NGO agent
1063,211032.0,286.0,2,NGO agent
1064,211033.0,287.0,2,NGO agent
1065,211034.0,288.0,2,NGO agent
1066,211151.0,289.0,3,NGO agent
1067,211152.0,290.0,3,NGO agent
1068,211153.0,291.0,3,NGO agent
1069,211154.0,292.0,3,NGO agent
1070,211155.0,293.0,3,NGO agent
1071,211156.0,294.0,3,NGO agent
1072,211157.0,295.0,3,NGO agent
1073,211159.0,296.0,3,NGO agent
1074,211166.0,297.0,1,NGO agent
1075,211167.0,298.0,2,NGO agent
1076,211174.0,299.0,2,NGO agent
1077,211175.0,300.0,2,NGO agent
1078,211176.0,301.0,5,NGO agent
1079,211177.0,302.0,4,NGO agent
1080,211178.0,303.0,2,NGO agent
1081,211179.0,304.0,3,NGO agent
1082,211181.0,305.0,3,NGO agent
1083,211182.0,306.0,2,NGO agent
1084,211183.0,307.0,2,NGO agent
1085,211186.0,308.0,1,NGO agent
1086,211187.0,309.0,2,NGO agent
1087,211190.0,310.0,2,NGO agent
1088,211192.0,311.0,3,NGO agent
1089,211197.0,312.0,2,NGO agent
1090,211001.0,313.0,3,Vet service provider
1091,211002.0,314.0,3,Vet service provider
1092,211004.0,315.0,2,Vet service provider
1093,211006.0,316.0,2,Vet service provider
1094,211007.0,317.0,2,Vet service provider
1095,211009.0,318.0,2,Vet service provider
1096,211010.0,319.0,2,Vet service provider
1097,211012.0,320.0,2,Vet service provider
1098,211022.0,321.0,2,Vet service provider
1099,211025.0,322.0,3,Vet service provider
1100,211026.0,323.0,3,Vet service provider
1101,211028.0,324.0,2,Vet service provider
1102,211030.0,325.0,2,Vet service provider
1103,211032.0,326.0,2,Vet service provider
1104,211033.0,327.0,2,Vet service provider
1105,211034.0,328.0,2,Vet service provider
1106,211046.0,329.0,2,Vet service provider
1107,211048.0,330.0,3,Vet service provider
1108,211049.0,331.0,3,Vet service provider
1109,211151.0,332.0,1,Vet service provider
1110,211153.0,333.0,1,Vet service provider
1111,211156.0,334.0,1,Vet service provider
1112,211159.0,335.0,1,Vet service provider
1113,211160.0,336.0,5,Vet service provider
1114,211164.0,337.0,3,Vet service provider
1115,211166.0,338.0,1,Vet service provider
1116,211168.0,339.0,3,Vet service provider
1117,211170.0,340.0,1,Vet service provider
1118,211172.0,341.0,3,Vet service provider
1119,211173.0,342.0,2,Vet service provider
1120,211174.0,343.0,3,Vet service provider
1121,211175.0,344.0,3,Vet service provider
1122,211176.0,345.0,1,Vet service provider
1123,211177.0,346.0,2,Vet service provider
1124,211178.0,347.0,4,Vet service provider
1125,211179.0,348.0,2,Vet service provider
1126,211180.0,349.0,2,Vet service provider
1127,211181.0,350.0,2,Vet service provider
1128,211184.0,351.0,3,Vet service provider
1129,211186.0,352.0,4,Vet service provider
1130,211187.0,353.0,2,Vet service provider
1131,211188.0,354.0,1,Vet service provider
1132,211189.0,355.0,3,Vet service provider
1133,211190.0,356.0,3,Vet service provider
1134,211192.0,357.0,2,Vet service provider
1135,211193.0,358.0,2,Vet service provider
1136,211194.0,359.0,2,Vet service provider
1137,211195.0,360.0,1,Vet service provider
1138,211196.0,361.0,1,Vet service provider
1139,211198.0,362.0,2,Vet service provider
1140,211199.0,363.0,3,Vet service provider
1141,211010.0,364.0,2,Gvt parastatal
1142,211012.0,365.0,2,Gvt parastatal
1143,211019.0,366.0,2,Gvt parastatal
1144,211021.0,367.0,2,Gvt parastatal
1145,211024.0,368.0,2,Gvt parastatal
1146,211025.0,369.0,2,Gvt parastatal
1147,211032.0,370.0,2,Gvt parastatal
1148,211033.0,371.0,2,Gvt parastatal
1149,211034.0,372.0,2,Gvt parastatal
1150,211049.0,373.0,3,Gvt parastatal
1151,211159.0,374.0,2,Gvt parastatal
1152,211173.0,375.0,1,Gvt parastatal
1153,211175.0,376.0,1,Gvt parastatal
1154,211176.0,377.0,1,Gvt parastatal
1155,211177.0,378.0,2,Gvt parastatal
1156,211179.0,379.0,1,Gvt parastatal
1157,211180.0,380.0,2,Gvt parastatal
1158,211181.0,381.0,1,Gvt parastatal
1159,211182.0,382.0,2,Gvt parastatal
1160,211183.0,383.0,2,Gvt parastatal
1161,211186.0,384.0,1,Gvt parastatal
1162,211187.0,385.0,2,Gvt parastatal
1163,211189.0,386.0,3,Gvt parastatal
1164,211194.0,387.0,2,Gvt parastatal
1165,211199.0,388.0,1,Gvt parastatal
1166,211001.0,389.0,3,Ag researcher
1167,211002.0,390.0,2,Ag researcher
1168,211003.0,391.0,3,Ag researcher
1169,211004.0,392.0,2,Ag researcher
1170,211006.0,393.0,2,Ag researcher
1171,211007.0,394.0,2,Ag researcher
1172,211009.0,395.0,2,Ag researcher
1173,211010.0,396.0,2,Ag researcher
1174,211012.0,397.0,2,Ag researcher
1175,211013.0,398.0,2,Ag researcher
1176,211014.0,399.0,4,Ag researcher
1177,211015.0,400.0,2,Ag researcher
1178,211018.0,401.0,5,Ag researcher
1179,211024.0,402.0,2,Ag researcher
1180,211025.0,403.0,2,Ag researcher
1181,211026.0,404.0,2,Ag researcher
1182,211027.0,405.0,2,Ag researcher
1183,211032.0,406.0,2,Ag researcher
1184,211033.0,407.0,1,Ag researcher
1185,211034.0,408.0,1,Ag researcher
1186,211039.0,409.0,4,Ag researcher
1187,211040.0,410.0,3,Ag researcher
1188,211045.0,411.0,2,Ag researcher
1189,211046.0,412.0,2,Ag researcher
1190,211047.0,413.0,3,Ag researcher
1191,211049.0,414.0,3,Ag researcher
1192,211051.0,415.0,2,Ag researcher
1193,211151.0,416.0,2,Ag researcher
1194,211153.0,417.0,2,Ag researcher
1195,211154.0,418.0,3,Ag researcher
1196,211155.0,419.0,3,Ag researcher
1197,211156.0,420.0,2,Ag researcher
1198,211158.0,421.0,3,Ag researcher
1199,211159.0,422.0,2,Ag researcher
1200,211160.0,423.0,3,Ag researcher
1201,211164.0,424.0,3,Ag researcher
1202,211166.0,425.0,2,Ag researcher
1203,211167.0,426.0,1,Ag researcher
1204,211168.0,427.0,2,Ag researcher
1205,211169.0,428.0,1,Ag researcher
1206,211170.0,429.0,2,Ag researcher
1207,211172.0,430.0,2,Ag researcher
1208,211173.0,431.0,2,Ag researcher
1209,211174.0,432.0,2,Ag researcher
1210,211175.0,433.0,2,Ag researcher
1211,211176.0,434.0,1,Ag researcher
1212,211177.0,435.0,1,Ag researcher
1213,211179.0,436.0,2,Ag researcher
1214,211181.0,437.0,2,Ag researcher
1215,211182.0,438.0,1,Ag researcher
1216,211183.0,439.0,2,Ag researcher
1217,211186.0,440.0,2,Ag researcher
1218,211187.0,441.0,2,Ag researcher
1219,211188.0,442.0,2,Ag researcher
1220,211189.0,443.0,2,Ag researcher
1221,211190.0,444.0,2,Ag researcher
1222,211192.0,445.0,2,Ag researcher
1223,211195.0,446.0,2,Ag researcher
1224,211010.0,447.0,2,Microfinance rep
1225,211012.0,448.0,2,Microfinance rep
1226,211014.0,449.0,3,Microfinance rep
1227,211015.0,450.0,3,Microfinance rep
1228,211019.0,451.0,2,Microfinance rep
1229,211033.0,452.0,2,Microfinance rep
1230,211034.0,453.0,2,Microfinance rep
1231,211049.0,454.0,3,Microfinance rep
1232,211151.0,455.0,2,Microfinance rep
1233,211152.0,456.0,2,Microfinance rep
1234,211153.0,457.0,2,Microfinance rep
1235,211154.0,458.0,3,Microfinance rep
1236,211155.0,459.0,2,Microfinance rep
1237,211156.0,460.0,2,Microfinance rep
1238,211157.0,461.0,2,Microfinance rep
1239,211159.0,462.0,2,Microfinance rep
1240,211164.0,463.0,3,Microfinance rep
1241,211176.0,464.0,5,Microfinance rep
1242,211177.0,465.0,2,Microfinance rep
1243,211178.0,466.0,5,Microfinance rep
1244,211179.0,467.0,3,Microfinance rep
1245,211180.0,468.0,1,Microfinance rep
1246,211181.0,469.0,4,Microfinance rep
1247,211183.0,470.0,5,Microfinance rep
1248,211188.0,471.0,1,Microfinance rep
1249,211190.0,472.0,1,Microfinance rep
1250,211192.0,473.0,1,Microfinance rep
1251,211193.0,474.0,2,Microfinance rep
1252,211194.0,475.0,3,Microfinance rep
1253,211197.0,476.0,3,Microfinance rep
1254,211001.0,477.0,5,Tractor owner
1255,211003.0,478.0,2,Tractor owner
1256,211004.0,479.0,3,Tractor owner
1257,211005.0,480.0,2,Tractor owner
1258,211006.0,481.0,2,Tractor owner
1259,211009.0,482.0,2,Tractor owner
1260,211013.0,483.0,2,Tractor owner
1261,211018.0,484.0,5,Tractor owner
1262,211020.0,485.0,2,Tractor owner
1263,211022.0,486.0,2,Tractor owner
1264,211028.0,487.0,2,Tractor owner
1265,211030.0,488.0,2,Tractor owner
1266,211032.0,489.0,2,Tractor owner
1267,211033.0,490.0,2,Tractor owner
1268,211034.0,491.0,1,Tractor owner
1269,211041.0,492.0,2,Tractor owner
1270,211046.0,493.0,2,Tractor owner
1271,211049.0,494.0,5,Tractor owner
1272,211151.0,495.0,2,Tractor owner
1273,211153.0,496.0,2,Tractor owner
1274,211154.0,497.0,2,Tractor owner
1275,211155.0,498.0,2,Tractor owner
1276,211156.0,499.0,2,Tractor owner
1277,211159.0,500.0,2,Tractor owner
1278,211167.0,501.0,2,Tractor owner
1279,211177.0,502.0,2,Tractor owner
1280,211178.0,503.0,1,Tractor owner
1281,211179.0,504.0,2,Tractor owner
1282,211180.0,505.0,2,Tractor owner
1283,211181.0,506.0,2,Tractor owner
1284,211182.0,507.0,2,Tractor owner
1285,211199.0,508.0,2,Tractor owner
1286,211001.0,509.0,5,Farmer org. leader
1287,211002.0,510.0,3,Farmer org. leader
1288,211003.0,511.0,3,Farmer org. leader
1289,211007.0,512.0,3,Farmer org. leader
1290,211009.0,513.0,3,Farmer org. leader
1291,211010.0,514.0,2,Farmer org. leader
1292,211012.0,515.0,2,Farmer org. leader
1293,211024.0,516.0,3,Farmer org. leader
1294,211026.0,517.0,3,Farmer org. leader
1295,211028.0,518.0,2,Farmer org. leader
1296,211030.0,519.0,2,Farmer org. leader
1297,211032.0,520.0,2,Farmer org. leader
1298,211033.0,521.0,1,Farmer org. leader
1299,211034.0,522.0,2,Farmer org. leader
1300,211045.0,523.0,2,Farmer org. leader
1301,211046.0,524.0,5,Farmer org. leader
1302,211049.0,525.0,5,Farmer org. leader
1303,211050.0,526.0,5,Farmer org. leader
1304,211051.0,527.0,2,Farmer org. leader
1305,211154.0,528.0,2,Farmer org. leader
1306,211155.0,529.0,2,Farmer org. leader
1307,211156.0,530.0,3,Farmer org. leader
1308,211159.0,531.0,3,Farmer org. leader
1309,211162.0,532.0,5,Farmer org. leader
1310,211166.0,533.0,3,Farmer org. leader
1311,211168.0,534.0,4,Farmer org. leader
1312,211173.0,535.0,5,Farmer org. leader
1313,211174.0,536.0,4,Farmer org. leader
1314,211176.0,537.0,5,Farmer org. leader
1315,211177.0,538.0,4,Farmer org. leader
1316,211178.0,539.0,4,Farmer org. leader
1317,211179.0,540.0,5,Farmer org. leader
1318,211180.0,541.0,4,Farmer org. leader
1319,211181.0,542.0,3,Farmer org. leader
1320,211182.0,543.0,5,Farmer org. leader
1321,211183.0,544.0,5,Farmer org. leader
1322,211186.0,545.0,3,Farmer org. leader
1323,211187.0,546.0,3,Farmer org. leader
1324,211188.0,547.0,3,Farmer org. leader
1325,211189.0,548.0,3,Farmer org. leader
1326,211192.0,549.0,3,Farmer org. leader
1327,211002.0,550.0,2,Women's org. leader
1328,211003.0,551.0,4,Women's org. leader
1329,211007.0,552.0,3,Women's org. leader
1330,211010.0,553.0,2,Women's org. leader
1331,211012.0,554.0,2,Women's org. leader
1332,211019.0,555.0,2,Women's org. leader
1333,211020.0,556.0,2,Women's org. leader
1334,211024.0,557.0,3,Women's org. leader
1335,211025.0,558.0,3,Women's org. leader
1336,211026.0,559.0,5,Women's org. leader
1337,211027.0,560.0,3,Women's org. leader
1338,211032.0,561.0,3,Women's org. leader
1339,211033.0,562.0,1,Women's org. leader
1340,211034.0,563.0,2,Women's org. leader
1341,211046.0,564.0,5,Women's org. leader
1342,211049.0,565.0,5,Women's org. leader
1343,211050.0,566.0,5,Women's org. leader
1344,211152.0,567.0,3,Women's org. leader
1345,211154.0,568.0,2,Women's org. leader
1346,211157.0,569.0,3,Women's org. leader
1347,211159.0,570.0,4,Women's org. leader
1348,211176.0,571.0,3,Women's org. leader
1349,211178.0,572.0,3,Women's org. leader
1350,211179.0,573.0,4,Women's org. leader
1351,211180.0,574.0,4,Women's org. leader
1352,211181.0,575.0,3,Women's org. leader
1353,211182.0,576.0,3,Women's org. leader
1354,211183.0,577.0,4,Women's org. leader
1355,211190.0,578.0,3,Women's org. leader
1356,211197.0,579.0,3,Women's org. leader
1357,211004.0,580.0,5,Youth org. leader
1358,211005.0,581.0,4,Youth org. leader
1359,211009.0,582.0,5,Youth org. leader
1360,211010.0,583.0,2,Youth org. leader
1361,211012.0,584.0,2,Youth org. leader
1362,211021.0,585.0,2,Youth org. leader
1363,211033.0,586.0,1,Youth org. leader
1364,211034.0,587.0,1,Youth org. leader
1365,211049.0,588.0,5,Youth org. leader
1366,211152.0,589.0,4,Youth org. leader
1367,211157.0,590.0,4,Youth org. leader
1368,211167.0,591.0,3,Youth org. leader
1369,211168.0,592.0,4,Youth org. leader
1370,211174.0,593.0,3,Youth org. leader
1371,211176.0,594.0,3,Youth org. leader
1372,211178.0,595.0,3,Youth org. leader
1373,211179.0,596.0,2,Youth org. leader
1374,211180.0,597.0,2,Youth org. leader
1375,211181.0,598.0,4,Youth org. leader
1376,211182.0,599.0,2,Youth org. leader
1377,211183.0,600.0,3,Youth org. leader
1378,211010.0,601.0,2,Local politican
1379,211012.0,602.0,2,Local politican
1380,211019.0,603.0,2,Local politican
1381,211025.0,604.0,2,Local politican
1382,211033.0,605.0,1,Local politican
1383,211034.0,606.0,1,Local politican
1384,211154.0,607.0,3,Local politican
1385,211155.0,608.0,3,Local politican
1386,211159.0,609.0,3,Local politican
